,assisted_housing_count,active_finance,gun incident count,% of adults < high school dip,avg unemploy rate 2015_2020,clusters,cluster
0,1,0,40,11.5,4.25,1,purple
1,12,7,86,9.2,4.533333333333334,1,purple
2,3,1,21,26.8,6.533333333333332,1,purple
3,1,1,8,20.9,5.233333333333333,1,purple
4,2,0,21,19.5,4.216666666666666,1,purple
5,2,1,25,15.0,6.233333333333333,1,purple
6,9,5,96,15.6,5.683333333333334,1,purple
7,1,1,22,18.4,4.9,1,purple
8,1,1,14,18.4,4.316666666666666,1,purple
9,1,1,21,18.2,4.45,1,purple
10,3,1,2,19.4,8.950000000000001,1,purple
11,2,0,1,23.3,4.583333333333333,1,purple
12,2,1,8,21.0,4.783333333333332,1,purple
13,4,3,33,14.1,4.599999999999999,1,purple
14,4,3,40,14.8,5.9,1,purple
15,2,0,4,15.7,6.75,1,purple
16,5,3,19,16.6,5.4,1,purple
17,4,3,32,18.4,4.066666666666667,1,purple
18,6,3,33,13.9,4.849999999999999,1,purple
19,7,5,142,18.2,8.200000000000001,1,purple
20,2,2,40,25.2,4.65,1,purple
21,1,0,44,13.4,4.1000000000000005,1,purple
22,4,4,28,18.9,5.483333333333333,1,purple
23,13,7,76,15.4,5.333333333333333,1,purple
24,4,3,1,17.4,5.166666666666667,1,purple
25,4,3,22,22.8,4.616666666666667,1,purple
26,1,0,11,19.7,4.55,1,purple
27,2,2,8,20.8,8.666666666666666,1,purple
28,2,2,9,16.0,6.683333333333334,1,purple
29,3,0,4,20.6,5.183333333333335,1,purple
30,9,7,90,14.0,4.833333333333333,1,purple
31,4,2,23,16.8,5.1000000000000005,1,purple
32,62,39,1435,9.9,4.783333333333333,0,pink
33,3,2,2,17.7,4.7,1,purple
34,16,9,55,12.6,5.2,1,purple
35,4,2,11,20.7,5.333333333333333,1,purple
36,9,5,131,9.1,4.366666666666666,1,purple
37,5,1,83,15.3,4.25,1,purple
38,5,2,27,18.2,6.833333333333333,1,purple
39,12,8,592,8.3,4.216666666666668,1,purple
40,4,2,13,16.2,5.883333333333334,1,purple
41,3,2,6,20.4,5.216666666666668,1,purple
42,6,4,51,18.4,4.2,1,purple
43,64,40,703,13.5,5.866666666666666,0,pink
44,2,1,3,14.4,7.533333333333334,1,purple
45,18,17,494,13.3,5.2,1,purple
46,9,7,124,15.9,4.366666666666667,1,purple
47,5,2,9,17.2,8.499999999999998,1,purple
48,3,0,36,15.0,5.133333333333334,1,purple
49,2,1,5,20.4,4.633333333333334,1,purple
50,3,2,55,16.2,4.7,1,purple
51,2,1,20,15.4,4.266666666666667,1,purple
52,1,1,55,7.3,3.45,1,purple
53,4,1,12,13.3,6.65,1,purple
54,11,7,39,19.7,5.5,1,purple
55,2,1,40,19.3,5.0,1,purple
56,17,11,250,11.7,4.733333333333333,1,purple
57,8,5,25,18.2,5.55,1,purple
58,3,2,11,23.5,12.066666666666668,1,purple
59,2,2,2,21.2,5.3500000000000005,1,purple
60,24,16,480,6.1,5.4,1,purple
61,1,1,38,19.1,12.516666666666666,1,purple
62,2,2,18,13.7,8.266666666666666,1,purple
63,14,11,243,5.5,5.483333333333333,1,purple
64,1,1,4,2.5,9.983333333333334,1,purple
65,8,6,93,3.6,4.616666666666666,1,purple
66,5,2,78,7.3,7.583333333333333,1,purple
67,1,1,16,7.2,6.533333333333334,1,purple
68,9,7,167,7.1,7.366666666666667,1,purple
69,1,1,14,17.5,13.883333333333333,1,purple
70,1,1,3,5.3,4.550000000000001,1,purple
71,1,0,9,4.6,7.650000000000001,1,purple
72,2,1,8,19.6,11.35,1,purple
73,6,3,47,12.6,6.266666666666666,1,purple
74,3,2,43,9.5,6.533333333333334,1,purple
75,2,0,8,13.7,6.75,1,purple
76,1,1,10,14.7,5.999999999999999,1,purple
77,125,81,1526,12.3,4.95,0,pink
78,4,1,83,13.9,7.05,1,purple
79,2,1,17,16.6,8.533333333333333,1,purple
80,31,21,354,11.6,5.283333333333333,1,purple
81,5,2,68,14.2,5.75,1,purple
82,1,1,5,23.4,10.1,1,purple
83,14,14,42,9.0,5.283333333333334,1,purple
84,6,3,51,26.7,18.166666666666668,1,purple
85,5,2,8,16.1,3.516666666666667,1,purple
86,5,4,6,16.7,6.533333333333334,1,purple
87,5,1,38,11.3,4.666666666666667,1,purple
88,13,10,72,11.4,3.266666666666667,1,purple
89,6,5,11,12.6,4.0,1,purple
90,2,1,4,19.0,4.916666666666666,1,purple
91,4,3,6,13.7,3.9166666666666665,1,purple
92,2,0,2,19.2,7.683333333333333,1,purple
93,3,1,5,10.0,4.5,1,purple
94,4,4,6,17.5,5.316666666666666,1,purple
95,2,2,12,14.1,5.716666666666666,1,purple
96,2,1,4,14.1,5.516666666666667,1,purple
97,17,13,266,10.7,3.633333333333333,1,purple
98,3,1,22,15.0,4.133333333333334,1,purple
99,6,5,21,17.4,5.3,1,purple
100,2,2,15,16.4,4.683333333333333,1,purple
101,3,2,1,16.1,5.05,1,purple
102,6,4,5,18.9,5.566666666666666,1,purple
103,4,3,18,13.1,5.733333333333333,1,purple
104,10,8,52,8.2,3.9,1,purple
105,13,10,108,10.9,4.916666666666666,1,purple
106,2,2,5,9.2,3.8166666666666655,1,purple
107,3,3,21,11.8,4.333333333333333,1,purple
108,3,2,14,17.4,4.1,1,purple
109,5,5,4,14.2,4.283333333333334,1,purple
110,9,6,15,14.0,4.916666666666667,1,purple
111,1,0,3,16.2,6.15,1,purple
112,5,4,14,19.8,6.516666666666667,1,purple
113,9,5,152,13.9,6.066666666666666,1,purple
114,1,1,10,21.1,5.016666666666667,1,purple
115,1,1,2,20.3,5.933333333333334,1,purple
116,7,6,10,15.9,4.683333333333334,1,purple
117,3,1,3,24.2,5.5,1,purple
118,1,1,7,11.0,5.150000000000001,1,purple
119,5,2,10,13.8,4.8500000000000005,1,purple
120,4,4,24,10.9,3.766666666666666,1,purple
121,3,2,5,19.4,3.216666666666667,1,purple
122,3,3,7,13.5,4.6000000000000005,1,purple
123,6,6,45,13.5,4.883333333333333,1,purple
124,7,6,111,18.9,6.9,1,purple
125,1,1,8,21.1,5.033333333333333,1,purple
126,1,1,2,20.2,5.433333333333333,1,purple
127,1,1,2,9.6,4.233333333333333,1,purple
128,1,1,5,14.0,5.25,1,purple
129,1,1,7,15.2,4.766666666666667,1,purple
130,3,3,46,19.7,6.7,1,purple
131,1,0,1,12.6,4.633333333333334,1,purple
132,5,2,22,19.7,4.45,1,purple
133,1,1,3,15.1,5.0,1,purple
134,11,10,26,15.5,4.816666666666667,1,purple
135,46,35,1083,9.6,4.283333333333334,0,pink
136,5,4,4,17.1,4.916666666666667,1,purple
137,8,7,36,18.1,5.916666666666667,1,purple
138,10,8,66,9.4,3.5,1,purple
139,6,5,104,15.9,4.133333333333334,1,purple
140,3,2,16,16.5,5.683333333333334,1,purple
141,2,1,2,18.8,5.4,1,purple
142,7,6,22,15.1,5.966666666666666,1,purple
143,2,2,1,14.9,6.033333333333334,1,purple
144,13,7,96,15.0,3.1,1,purple
145,15,13,33,15.6,5.133333333333334,1,purple
146,4,3,1,18.3,5.4,1,purple
147,3,3,6,21.8,4.466666666666666,1,purple
148,115,61,1791,11.6,4.616666666666666,0,pink
149,2,2,3,10.0,5.783333333333334,1,purple
150,13,5,205,10.8,6.516666666666667,1,purple
151,2,1,17,9.8,5.416666666666667,1,purple
152,3,1,7,28.7,14.616666666666667,1,purple
153,49,28,545,10.5,4.783333333333334,1,purple
154,1,1,9,19.9,7.300000000000001,1,purple
155,9,5,32,6.6,5.15,1,purple
156,44,13,1161,24.0,9.116666666666667,0,pink
157,2,1,14,25.2,7.733333333333334,1,purple
158,9,5,350,9.5,5.066666666666666,1,purple
159,14,5,40,30.3,21.78333333333333,1,purple
160,27,10,772,25.9,9.75,0,pink
161,7,0,55,26.6,9.516666666666667,1,purple
162,7,5,20,14.2,6.7,1,purple
163,4,4,2,16.8,6.083333333333333,1,purple
164,628,288,3281,20.9,6.483333333333334,0,pink
165,2,0,52,28.1,8.833333333333334,1,purple
166,27,14,35,6.7,3.5500000000000003,1,purple
167,14,4,31,13.5,5.449999999999999,1,purple
168,6,0,263,30.9,10.05,1,purple
169,2,0,2,15.2,7.983333333333333,1,purple
170,17,10,495,28.5,7.783333333333334,1,purple
171,8,3,25,14.5,4.533333333333332,1,purple
172,59,26,520,14.5,4.45,1,purple
173,13,5,60,5.5,4.533333333333333,1,purple
174,1,0,6,4.9,9.183333333333332,1,purple
175,51,25,788,18.0,6.116666666666667,0,pink
176,77,19,631,12.3,5.5,0,pink
177,1,0,9,19.5,6.683333333333334,1,purple
178,51,26,763,20.0,5.783333333333332,0,pink
179,95,48,670,12.6,4.966666666666667,0,pink
180,110,43,378,11.5,3.716666666666667,1,purple
181,18,8,609,20.7,7.916666666666667,1,purple
182,9,3,26,8.7,4.383333333333333,1,purple
183,25,11,129,10.4,3.4166666666666665,1,purple
184,17,8,100,19.1,5.116666666666666,1,purple
185,69,31,341,11.6,3.9,1,purple
186,20,12,133,13.7,6.616666666666667,1,purple
187,13,11,77,8.9,6.516666666666667,1,purple
188,13,7,13,9.8,8.049999999999999,1,purple
189,16,6,192,11.6,5.633333333333333,1,purple
190,33,18,119,11.2,4.216666666666666,1,purple
191,13,8,258,21.1,8.183333333333335,1,purple
192,3,0,21,21.8,9.25,1,purple
193,8,5,192,15.5,6.966666666666666,1,purple
194,3,3,15,7.6,6.75,1,purple
195,9,6,241,29.2,11.05,1,purple
196,3,1,12,9.3,6.4,1,purple
197,14,10,384,15.0,5.25,1,purple
198,17,10,32,13.5,5.583333333333333,1,purple
199,5,2,34,17.7,8.1,1,purple
200,22,11,210,16.2,4.066666666666666,1,purple
201,22,10,221,7.4,3.783333333333333,1,purple
202,4,4,3,7.7,3.9333333333333336,1,purple
203,18,6,64,5.0,3.1666666666666665,1,purple
204,1,0,2,6.5,3.1833333333333336,1,purple
205,1,1,3,1.4,3.766666666666667,1,purple
206,2,1,2,12.0,4.5,1,purple
207,1,1,6,9.3,4.55,1,purple
208,98,31,602,12.0,3.8166666666666655,1,purple
209,2,2,42,1.9,3.066666666666667,1,purple
210,1,1,17,11.7,3.6666666666666665,1,purple
211,18,8,810,5.8,4.183333333333334,0,pink
212,3,2,36,9.9,5.3,1,purple
213,7,5,18,11.9,3.733333333333333,1,purple
214,1,1,2,5.4,3.466666666666667,1,purple
215,2,2,4,2.6,2.983333333333333,1,purple
216,1,1,4,7.6,6.65,1,purple
217,15,4,114,5.5,3.483333333333333,1,purple
218,2,0,1,10.5,2.033333333333333,1,purple
219,1,1,1,16.3,3.5500000000000003,1,purple
220,4,3,14,4.5,3.3833333333333333,1,purple
221,11,6,96,4.1,3.233333333333333,1,purple
222,4,3,5,12.1,4.933333333333334,1,purple
223,2,0,2,9.1,2.766666666666666,1,purple
224,14,9,232,9.5,4.783333333333333,1,purple
225,3,2,4,11.3,4.0,1,purple
226,4,0,5,10.0,4.933333333333334,1,purple
227,7,4,17,11.0,4.166666666666667,1,purple
228,5,1,1,21.1,3.3166666666666664,1,purple
229,12,5,3,12.8,4.8,1,purple
230,2,0,1,19.5,3.233333333333333,1,purple
231,11,5,361,10.3,5.1,1,purple
232,1,1,1,8.1,4.383333333333333,1,purple
233,4,2,5,13.0,5.083333333333333,1,purple
234,1,1,6,3.2,3.3833333333333333,1,purple
235,2,0,4,16.9,5.0,1,purple
236,21,11,103,11.9,3.633333333333333,1,purple
237,1,0,1,11.4,2.033333333333333,1,purple
238,83,39,1039,10.0,4.9,0,pink
239,113,44,813,10.3,5.183333333333334,0,pink
240,20,13,38,7.0,4.583333333333333,1,purple
241,16,11,47,5.8,4.283333333333334,1,purple
242,108,56,809,9.9,5.333333333333333,0,pink
243,30,15,157,7.7,5.283333333333334,1,purple
244,13,9,38,5.0,4.266666666666667,1,purple
245,14,4,46,11.6,5.383333333333333,1,purple
246,25,11,352,12.6,5.300000000000001,1,purple
247,71,37,1164,8.4,4.7,0,pink
248,32,12,126,11.9,4.783333333333333,1,purple
249,102,52,3095,9.1,6.383333333333334,0,pink
250,19,10,230,7.4,4.116666666666667,1,purple
251,2,2,13,14.3,4.4,1,purple
252,9,5,198,9.3,4.766666666666667,1,purple
253,1,0,7,20.4,4.266666666666666,1,purple
254,27,16,318,7.8,4.866666666666666,1,purple
255,42,21,782,11.0,4.85,0,pink
256,1,0,6,23.1,5.083333333333333,1,purple
257,6,6,58,9.4,5.266666666666667,1,purple
258,4,4,29,11.6,6.516666666666666,1,purple
259,3,2,66,8.2,4.25,1,purple
260,6,3,163,12.9,4.65,1,purple
261,3,2,56,13.9,4.65,1,purple
262,59,24,2278,10.2,4.85,0,pink
263,19,12,254,9.5,4.766666666666667,1,purple
264,6,1,13,20.2,5.800000000000001,1,purple
265,1,0,4,14.6,4.583333333333333,1,purple
266,5,5,12,33.7,7.883333333333333,1,purple
267,2,2,94,12.1,5.916666666666667,1,purple
268,7,2,37,14.3,6.216666666666666,1,purple
269,48,26,827,11.3,4.583333333333333,0,pink
270,3,2,121,10.6,5.65,1,purple
271,6,1,71,19.5,4.833333333333333,1,purple
272,1,0,3,18.0,4.783333333333334,1,purple
273,1,0,2,24.7,3.9,1,purple
274,8,4,218,10.5,5.1000000000000005,1,purple
275,26,18,691,11.6,4.683333333333334,0,pink
276,15,11,257,6.5,4.366666666666666,1,purple
277,1,1,15,15.1,4.9,1,purple
278,2,1,22,19.0,5.0,1,purple
279,10,7,297,10.3,4.55,1,purple
280,9,6,402,12.4,5.5,1,purple
281,2,2,77,9.0,4.583333333333333,1,purple
282,122,56,1373,18.6,5.066666666666667,0,pink
283,5,3,88,8.6,3.766666666666667,1,purple
284,1,0,38,8.7,4.283333333333333,1,purple
285,3,2,200,7.6,3.933333333333333,1,purple
286,25,18,1398,11.5,5.050000000000001,0,pink
287,3,2,98,13.3,5.983333333333334,1,purple
288,18,11,1306,11.5,4.8,0,pink
289,15,12,130,10.5,5.066666666666666,1,purple
290,62,48,384,8.7,4.483333333333333,1,purple
291,19,10,222,15.0,5.65,1,purple
292,6,3,80,18.2,6.166666666666667,1,purple
293,6,2,107,5.2,3.716666666666667,1,purple
294,4,3,343,13.7,5.633333333333333,1,purple
295,1,0,66,8.7,4.183333333333334,1,purple
296,9,7,164,6.9,4.55,1,purple
297,3,1,195,5.7,4.45,1,purple
298,3,1,7,17.7,4.6000000000000005,1,purple
299,2,2,11,21.2,5.1,1,purple
300,1,0,4,23.5,4.033333333333334,1,purple
301,18,12,463,9.5,5.083333333333333,1,purple
302,2,0,42,10.9,4.133333333333333,1,purple
303,1,1,26,18.7,4.816666666666667,1,purple
304,1,1,2,25.1,5.416666666666667,1,purple
305,1,0,2,32.8,4.383333333333333,1,purple
306,8,6,67,14.2,6.133333333333334,1,purple
307,4,2,73,15.5,4.266666666666666,1,purple
308,4,2,48,16.4,4.9,1,purple
309,3,0,7,16.5,7.3,1,purple
310,40,23,495,14.0,5.716666666666668,1,purple
311,1,0,2,11.4,6.8500000000000005,1,purple
312,2,1,15,8.4,4.35,1,purple
313,5,2,195,12.7,5.3,1,purple
314,4,1,32,19.9,7.0,1,purple
315,1,1,7,19.4,5.183333333333333,1,purple
316,3,2,7,8.7,4.866666666666666,1,purple
317,8,1,24,15.4,5.3500000000000005,1,purple
318,2,0,17,12.5,4.216666666666667,1,purple
319,26,14,761,10.1,5.1000000000000005,0,pink
320,4,3,6,26.2,5.8500000000000005,1,purple
321,3,3,41,7.9,3.9666666666666655,1,purple
322,9,3,374,12.0,5.116666666666667,1,purple
323,1,0,2,20.0,9.766666666666667,1,purple
324,4,1,413,15.2,6.683333333333333,1,purple
325,32,27,205,7.9,4.416666666666667,1,purple
326,4,4,37,24.3,5.366666666666666,1,purple
327,6,3,140,25.3,4.65,1,purple
328,1,1,53,7.3,4.133333333333334,1,purple
329,1,1,12,20.9,4.8,1,purple
330,4,2,54,10.8,4.55,1,purple
331,1,0,12,16.9,5.05,1,purple
332,2,1,36,17.2,5.833333333333333,1,purple
333,1,1,3,19.3,4.383333333333333,1,purple
334,3,2,22,17.5,5.416666666666667,1,purple
335,36,17,535,10.7,5.366666666666667,1,purple
336,2,2,8,14.4,6.5,1,purple
337,1,1,5,22.3,5.816666666666667,1,purple
338,19,13,211,16.6,6.616666666666666,1,purple
339,7,3,35,12.2,5.383333333333333,1,purple
340,1,0,5,19.6,5.683333333333334,1,purple
341,3,1,6,21.6,5.883333333333333,1,purple
342,2,1,11,21.4,7.0,1,purple
343,1,0,1,13.4,4.766666666666667,1,purple
344,2,0,24,4.7,4.383333333333334,1,purple
345,9,5,268,17.6,5.483333333333333,1,purple
346,1,0,40,7.0,3.866666666666667,1,purple
347,4,1,4,17.7,4.983333333333333,1,purple
348,76,41,1213,7.4,5.366666666666667,0,pink
349,7,5,85,11.9,5.083333333333334,1,purple
350,3,0,17,22.1,4.883333333333333,1,purple
351,6,5,10,19.9,4.699999999999999,1,purple
352,1,0,1,14.7,5.3500000000000005,1,purple
353,12,9,215,12.3,4.566666666666667,1,purple
354,6,2,72,20.9,4.05,1,purple
355,1,0,3,18.8,5.1000000000000005,1,purple
356,1,0,4,7.8,4.266666666666667,1,purple
357,8,5,106,8.4,4.8,1,purple
358,2,2,8,18.5,6.566666666666666,1,purple
359,1,0,77,15.9,3.85,1,purple
360,1,0,8,10.9,4.416666666666667,1,purple
361,1,0,4,13.0,5.849999999999999,1,purple
362,6,3,15,14.1,6.083333333333335,1,purple
363,7,4,31,9.3,5.316666666666666,1,purple
364,8,5,165,13.4,4.95,1,purple
365,1,0,2,15.2,4.383333333333334,1,purple
366,1,1,19,16.6,6.833333333333332,1,purple
367,1,1,4,26.4,7.066666666666667,1,purple
368,1,0,11,22.8,6.066666666666666,1,purple
369,4,1,12,14.3,4.616666666666667,1,purple
370,1,1,3,29.3,6.516666666666666,1,purple
371,11,5,803,12.0,6.366666666666666,0,pink
372,3,1,62,13.4,5.683333333333334,1,purple
373,2,1,34,10.6,4.3500000000000005,1,purple
374,4,1,30,17.0,6.133333333333334,1,purple
375,2,0,5,14.7,4.3500000000000005,1,purple
376,1,0,1,16.6,4.683333333333333,1,purple
377,3,3,9,21.2,5.366666666666667,1,purple
378,2,1,5,18.9,5.133333333333334,1,purple
379,2,0,4,12.4,6.199999999999999,1,purple
380,2,1,1,25.5,6.8,1,purple
381,31,19,380,15.9,6.316666666666666,1,purple
382,2,0,33,11.2,5.633333333333333,1,purple
383,9,2,24,18.1,6.266666666666667,1,purple
384,10,2,14,17.9,5.466666666666666,1,purple
385,6,2,27,18.6,6.9,1,purple
386,2,2,2,24.2,4.866666666666666,1,purple
387,1,0,3,29.7,8.549999999999999,1,purple
388,1,0,9,22.5,6.616666666666666,1,purple
389,5,3,44,15.1,5.766666666666667,1,purple
390,6,3,48,18.1,4.833333333333333,1,purple
391,4,1,14,19.9,6.816666666666666,1,purple
392,8,1,231,16.6,5.0,1,purple
393,1,1,5,18.8,5.883333333333333,1,purple
394,3,2,1,11.0,4.3500000000000005,1,purple
395,4,3,4,17.7,5.683333333333334,1,purple
396,5,2,22,18.0,4.8,1,purple
397,2,0,20,13.1,4.516666666666667,1,purple
398,8,7,9,18.6,5.016666666666667,1,purple
399,2,2,7,18.7,5.866666666666667,1,purple
400,3,2,4,16.6,5.75,1,purple
401,4,4,23,30.5,5.816666666666666,1,purple
402,1,0,3,16.3,5.983333333333333,1,purple
403,1,0,3,15.6,5.533333333333334,1,purple
404,2,1,11,17.1,5.199999999999999,1,purple
405,23,16,121,7.7,4.6000000000000005,1,purple
406,55,30,120,8.1,3.8,1,purple
407,5,4,14,7.5,5.016666666666667,1,purple
408,22,13,22,8.0,5.216666666666668,1,purple
409,23,9,147,4.8,3.266666666666667,1,purple
410,8,1,45,7.5,3.4166666666666665,1,purple
411,1,0,5,12.4,5.716666666666666,1,purple
412,3,1,18,10.8,3.2,1,purple
413,1,0,2,11.3,3.566666666666667,1,purple
414,1,0,1,5.7,5.316666666666666,1,purple
415,3,0,22,9.2,5.133333333333334,1,purple
416,8,4,63,8.0,2.95,1,purple
417,1,0,2,8.2,4.916666666666667,1,purple
418,10,3,92,14.9,4.066666666666666,1,purple
419,1,0,4,8.8,3.2000000000000006,1,purple
420,2,1,4,16.4,2.783333333333333,1,purple
421,3,0,8,10.1,3.85,1,purple
422,2,0,2,9.7,2.6833333333333336,1,purple
423,1,0,5,12.2,4.283333333333334,1,purple
424,1,0,7,20.9,2.8833333333333333,1,purple
425,1,0,4,9.5,5.300000000000001,1,purple
426,2,0,10,9.8,2.75,1,purple
427,2,0,6,22.8,3.0,1,purple
428,15,8,62,6.8,4.449999999999999,1,purple
429,2,1,19,4.2,3.083333333333333,1,purple
430,1,0,2,7.9,5.516666666666667,1,purple
431,1,0,2,23.4,4.05,1,purple
432,3,0,10,4.1,2.133333333333333,1,purple
433,2,0,6,20.8,2.966666666666667,1,purple
434,9,4,19,8.0,3.2833333333333328,1,purple
435,1,0,2,9.8,3.016666666666666,1,purple
436,4,0,4,14.3,4.2,1,purple
437,6,1,12,13.8,6.783333333333334,1,purple
438,6,1,27,12.9,3.4,1,purple
439,3,0,1,15.0,4.783333333333332,1,purple
440,7,5,65,7.5,4.516666666666667,1,purple
441,2,0,9,13.5,8.483333333333334,1,purple
442,1,1,1,10.8,4.933333333333333,1,purple
443,4,3,16,13.8,6.983333333333334,1,purple
444,2,0,4,9.2,5.733333333333333,1,purple
445,1,1,1,8.8,5.216666666666666,1,purple
446,11,4,345,5.0,4.783333333333334,1,purple
447,7,2,8,10.3,6.033333333333334,1,purple
448,3,0,1,7.2,5.783333333333334,1,purple
449,1,0,6,9.9,4.133333333333334,1,purple
450,8,4,27,8.6,5.433333333333334,1,purple
451,394,228,11780,12.9,6.166666666666667,2,dark purple
452,9,5,20,7.7,5.333333333333333,1,purple
453,1,1,2,8.5,5.283333333333333,1,purple
454,1,0,1,16.8,4.45,1,purple
455,27,15,92,7.0,4.65,1,purple
456,2,0,1,9.9,5.433333333333334,1,purple
457,4,1,8,6.9,4.466666666666666,1,purple
458,3,0,3,16.2,5.916666666666667,1,purple
459,3,1,6,9.6,5.116666666666666,1,purple
460,2,0,18,11.1,7.416666666666667,1,purple
461,5,1,2,11.4,6.9,1,purple
462,2,0,1,13.1,6.683333333333334,1,purple
463,2,0,1,9.4,5.4,1,purple
464,1,1,8,6.8,6.3500000000000005,1,purple
465,5,2,6,6.6,5.633333333333333,1,purple
466,1,0,6,8.8,5.566666666666666,1,purple
467,3,2,10,8.8,5.766666666666666,1,purple
468,3,1,7,10.5,5.066666666666666,1,purple
469,4,2,95,8.1,5.216666666666667,1,purple
470,3,0,1,10.2,5.416666666666667,1,purple
471,4,1,39,12.6,6.383333333333334,1,purple
472,2,0,2,7.7,5.55,1,purple
473,2,1,5,7.7,5.316666666666666,1,purple
474,2,0,1,17.8,7.816666666666666,1,purple
475,24,15,257,15.4,5.733333333333333,1,purple
476,8,1,200,11.8,6.316666666666666,1,purple
477,3,2,19,7.6,5.066666666666666,1,purple
478,9,5,17,10.9,5.983333333333333,1,purple
479,35,17,146,9.4,5.266666666666667,1,purple
480,6,2,6,11.4,6.599999999999999,1,purple
481,5,1,5,11.2,4.933333333333334,1,purple
482,4,1,4,10.1,5.033333333333333,1,purple
483,2,1,3,11.3,5.133333333333333,1,purple
484,6,4,3,6.4,5.633333333333333,1,purple
485,9,6,42,6.9,5.116666666666667,1,purple
486,8,3,61,4.1,4.75,1,purple
487,14,8,132,9.6,6.583333333333333,1,purple
488,3,0,6,8.7,5.5,1,purple
489,22,10,185,7.5,5.433333333333334,1,purple
490,2,0,43,11.0,6.133333333333333,1,purple
491,2,1,1,7.1,5.966666666666666,1,purple
492,1,0,12,13.2,7.183333333333333,1,purple
493,2,0,3,5.9,4.65,1,purple
494,2,0,4,12.3,6.65,1,purple
495,5,2,10,9.1,4.900000000000001,1,purple
496,5,2,7,9.8,5.800000000000001,1,purple
497,32,23,896,9.1,6.75,0,pink
498,2,1,6,16.7,6.733333333333333,1,purple
499,1,0,5,6.1,4.483333333333333,1,purple
500,1,0,4,11.2,8.549999999999999,1,purple
501,21,16,64,11.4,6.199999999999999,1,purple
502,21,11,352,8.9,6.0,1,purple
503,3,0,18,13.3,7.333333333333333,1,purple
504,12,5,308,7.5,5.2,1,purple
505,1,1,1,10.6,5.116666666666666,1,purple
506,1,0,1,7.7,5.05,1,purple
507,1,0,1,8.7,6.566666666666666,1,purple
508,6,5,57,7.5,5.55,1,purple
509,13,6,38,7.3,5.8500000000000005,1,purple
510,12,3,106,11.5,6.783333333333334,1,purple
511,2,2,4,13.3,4.8166666666666655,1,purple
512,1,1,2,10.1,5.45,1,purple
513,5,3,21,9.4,5.566666666666666,1,purple
514,23,18,296,9.0,5.866666666666667,1,purple
515,1,0,47,7.7,5.866666666666667,1,purple
516,31,16,842,12.3,7.083333333333333,0,pink
517,3,0,2,5.2,4.783333333333334,1,purple
518,4,2,4,15.3,3.45,1,purple
519,20,17,589,10.6,4.333333333333333,1,purple
520,13,12,44,9.4,3.516666666666667,1,purple
521,4,3,1,10.6,5.15,1,purple
522,3,1,12,6.3,3.2,1,purple
523,1,1,2,11.6,4.016666666666667,1,purple
524,4,3,12,14.6,4.466666666666667,1,purple
525,7,3,63,10.6,4.3,1,purple
526,2,1,8,14.3,3.633333333333334,1,purple
527,2,0,4,19.6,5.25,1,purple
528,3,1,10,26.2,3.1833333333333336,1,purple
529,3,3,12,10.4,4.583333333333333,1,purple
530,5,3,10,9.1,3.9166666666666665,1,purple
531,1,1,11,9.8,3.9,1,purple
532,10,10,90,10.3,5.0,1,purple
533,11,7,18,10.7,3.0500000000000003,1,purple
534,11,8,118,19.2,3.8,1,purple
535,3,0,4,17.9,6.033333333333332,1,purple
536,7,5,27,9.2,4.066666666666667,1,purple
537,8,2,8,8.1,3.6,1,purple
538,17,12,16,12.8,4.633333333333334,1,purple
539,3,1,7,12.1,5.416666666666667,1,purple
540,3,3,33,3.2,3.2,1,purple
541,2,1,17,7.1,3.7166666666666655,1,purple
542,2,1,4,11.6,4.15,1,purple
543,2,2,30,6.0,3.4166666666666665,1,purple
544,5,2,19,10.7,4.449999999999999,1,purple
545,7,6,47,10.5,5.366666666666666,1,purple
546,3,1,4,8.2,4.2,1,purple
547,4,3,27,12.7,3.85,1,purple
548,2,1,2,11.8,4.983333333333333,1,purple
549,1,0,2,12.0,4.283333333333332,1,purple
550,7,5,5,10.3,4.533333333333332,1,purple
551,2,2,8,12.2,4.666666666666667,1,purple
552,3,3,76,7.9,3.6,1,purple
553,3,0,3,11.3,4.05,1,purple
554,5,3,31,14.3,3.633333333333333,1,purple
555,2,1,9,38.2,3.516666666666667,1,purple
556,37,31,799,11.3,6.333333333333333,0,pink
557,10,3,59,11.5,5.733333333333333,1,purple
558,2,2,15,11.7,5.1000000000000005,1,purple
559,8,6,51,11.6,4.966666666666668,1,purple
560,86,46,1882,13.9,4.583333333333333,0,pink
561,11,11,7,15.1,3.883333333333333,1,purple
562,2,1,11,13.9,4.95,1,purple
563,9,4,45,7.3,4.216666666666667,1,purple
564,4,2,10,10.2,3.6666666666666665,1,purple
565,6,4,8,11.9,4.016666666666667,1,purple
566,2,1,2,14.3,5.216666666666666,1,purple
567,4,4,11,16.4,4.25,1,purple
568,3,2,7,16.8,5.5,1,purple
569,2,0,4,14.6,5.1000000000000005,1,purple
570,1,0,3,13.8,4.633333333333333,1,purple
571,2,0,5,9.7,4.383333333333334,1,purple
572,3,1,2,13.2,4.066666666666666,1,purple
573,3,2,72,6.4,5.0,1,purple
574,3,0,7,6.6,3.5333333333333337,1,purple
575,2,1,9,11.1,4.4,1,purple
576,1,1,11,12.5,4.566666666666666,1,purple
577,1,1,8,10.7,4.383333333333334,1,purple
578,2,2,4,12.6,3.7833333333333337,1,purple
579,24,16,364,11.5,4.733333333333333,1,purple
580,3,1,8,16.8,4.933333333333334,1,purple
581,2,1,13,12.7,4.1000000000000005,1,purple
582,1,0,3,9.5,3.866666666666666,1,purple
583,1,1,6,15.1,5.333333333333333,1,purple
584,2,2,12,8.9,3.633333333333333,1,purple
585,11,8,158,8.4,3.95,1,purple
586,1,1,1,12.6,3.883333333333333,1,purple
587,13,6,328,9.9,4.133333333333334,1,purple
588,2,0,2,9.0,6.166666666666667,1,purple
589,7,5,70,11.6,5.3500000000000005,1,purple
590,5,2,4,11.2,4.15,1,purple
591,1,0,12,6.8,3.7000000000000006,1,purple
592,2,0,10,15.0,4.5,1,purple
593,12,8,93,13.5,4.583333333333333,1,purple
594,3,1,8,7.8,3.583333333333333,1,purple
595,3,1,9,11.2,3.616666666666667,1,purple
596,3,2,3,8.2,3.733333333333333,1,purple
597,1,0,3,11.7,4.233333333333333,1,purple
598,1,0,2,9.8,4.266666666666667,1,purple
599,2,0,2,5.9,3.583333333333333,1,purple
600,17,3,499,8.6,4.183333333333334,1,purple
601,1,1,7,6.1,2.8166666666666664,1,purple
602,2,0,5,3.6,3.016666666666666,1,purple
603,3,3,10,21.6,2.95,1,purple
604,1,1,1,6.2,3.383333333333333,1,purple
605,2,1,1,6.5,2.55,1,purple
606,1,0,1,12.0,3.3000000000000003,1,purple
607,1,0,4,4.4,3.1666666666666665,1,purple
608,8,6,23,7.3,3.533333333333333,1,purple
609,1,1,2,6.9,3.283333333333333,1,purple
610,4,4,1,12.2,3.6,1,purple
611,4,1,8,6.4,3.616666666666667,1,purple
612,1,1,2,10.1,4.15,1,purple
613,4,3,20,9.1,4.6000000000000005,1,purple
614,4,1,3,19.8,4.316666666666667,1,purple
615,1,1,1,10.9,2.9,1,purple
616,1,0,4,8.3,2.9666666666666663,1,purple
617,9,3,66,8.0,4.783333333333333,1,purple
618,5,0,60,7.3,3.5333333333333337,1,purple
619,1,1,17,8.3,4.1000000000000005,1,purple
620,1,0,9,9.9,3.816666666666667,1,purple
621,1,1,3,8.9,2.9666666666666663,1,purple
622,1,1,2,6.6,3.0333333333333337,1,purple
623,4,3,2,8.5,3.0500000000000003,1,purple
624,2,0,6,7.4,3.483333333333334,1,purple
625,1,0,2,6.8,2.583333333333333,1,purple
626,4,0,4,7.4,3.9666666666666655,1,purple
627,4,2,11,6.1,3.566666666666667,1,purple
628,3,1,3,6.8,3.5,1,purple
629,8,6,88,5.1,2.75,1,purple
630,1,0,2,7.7,3.983333333333333,1,purple
631,1,0,1,7.1,3.883333333333333,1,purple
632,1,0,1,6.1,2.6500000000000004,1,purple
633,2,2,14,7.0,5.216666666666668,1,purple
634,18,12,254,5.5,3.8166666666666655,1,purple
635,2,1,1,7.9,2.85,1,purple
636,1,0,6,9.4,1.9166666666666667,1,purple
637,3,1,5,7.8,3.4333333333333336,1,purple
638,2,1,7,6.7,2.8833333333333333,1,purple
639,4,3,12,16.2,5.116666666666667,1,purple
640,2,1,4,7.2,3.1166666666666667,1,purple
641,2,2,4,7.7,3.75,1,purple
642,2,0,9,9.6,3.333333333333333,1,purple
643,6,4,58,11.0,3.75,1,purple
644,1,0,2,11.6,2.3833333333333333,1,purple
645,2,1,2,8.5,3.8666666666666663,1,purple
646,2,1,2,7.3,2.983333333333333,1,purple
647,5,4,8,6.9,2.6,1,purple
648,26,22,547,8.5,3.6,1,purple
649,13,7,81,10.5,3.316666666666667,1,purple
650,3,2,1,6.1,3.35,1,purple
651,1,0,1,7.3,3.25,1,purple
652,1,0,7,7.2,2.9,1,purple
653,15,8,290,7.2,4.316666666666666,1,purple
654,6,1,5,9.8,2.1833333333333336,1,purple
655,5,1,21,2.8,2.3000000000000003,1,purple
656,2,2,1,9.7,3.9500000000000006,1,purple
657,2,2,12,11.9,4.75,1,purple
658,3,0,3,4.6,3.1333333333333333,1,purple
659,1,1,7,8.6,2.983333333333333,1,purple
660,3,1,41,9.5,3.9333333333333336,1,purple
661,1,1,6,7.6,3.7000000000000006,1,purple
662,1,0,2,4.8,3.45,1,purple
663,14,12,85,12.9,3.5,1,purple
664,1,0,2,7.6,3.4500000000000006,1,purple
665,3,1,2,7.3,5.683333333333334,1,purple
666,1,0,2,8.9,3.183333333333333,1,purple
667,4,1,20,10.5,3.866666666666667,1,purple
668,1,0,2,8.7,4.65,1,purple
669,2,0,3,6.8,3.566666666666667,1,purple
670,9,6,12,7.5,4.233333333333333,1,purple
671,2,2,8,10.1,4.166666666666667,1,purple
672,1,0,1,6.1,2.966666666666667,1,purple
673,7,4,16,9.3,4.316666666666667,1,purple
674,4,3,24,7.9,4.55,1,purple
675,1,0,4,6.0,3.3666666666666667,1,purple
676,6,2,9,8.5,4.2,1,purple
677,8,4,62,4.6,3.733333333333333,1,purple
678,6,1,3,6.7,2.783333333333333,1,purple
679,2,0,3,8.4,3.233333333333334,1,purple
680,4,4,9,29.0,2.9166666666666665,1,purple
681,3,2,6,26.4,2.9666666666666663,1,purple
682,7,3,5,7.8,4.116666666666667,1,purple
683,2,1,27,6.2,5.416666666666668,1,purple
684,2,0,1,7.6,4.266666666666667,1,purple
685,1,0,1,10.4,3.483333333333333,1,purple
686,9,7,11,9.5,3.933333333333333,1,purple
687,1,1,7,5.4,3.583333333333333,1,purple
688,19,8,119,4.0,3.383333333333333,1,purple
689,3,2,25,10.2,4.8500000000000005,1,purple
690,4,1,53,7.8,4.25,1,purple
691,4,2,7,11.7,3.983333333333333,1,purple
692,3,2,8,8.7,2.833333333333333,1,purple
693,1,0,3,8.4,3.5666666666666664,1,purple
694,1,0,2,7.8,2.8666666666666667,1,purple
695,5,3,2,4.0,3.983333333333333,1,purple
696,7,5,15,11.2,5.55,1,purple
697,1,0,1,8.8,3.416666666666666,1,purple
698,1,1,1,5.8,2.6166666666666667,1,purple
699,2,1,4,9.2,5.933333333333334,1,purple
700,1,0,1,9.1,3.033333333333333,1,purple
701,5,2,1,9.2,4.283333333333334,1,purple
702,1,0,1,9.4,3.333333333333333,1,purple
703,1,1,7,7.9,3.35,1,purple
704,8,6,24,11.5,4.133333333333334,1,purple
705,4,3,47,4.2,3.4000000000000004,1,purple
706,1,0,1,11.3,3.9500000000000006,1,purple
707,5,3,91,8.5,3.7,1,purple
708,38,22,801,10.4,4.916666666666666,0,pink
709,2,2,4,33.7,3.8000000000000007,1,purple
710,19,12,360,7.8,4.083333333333333,1,purple
711,8,5,1,7.7,4.566666666666666,1,purple
712,1,0,1,6.8,3.35,1,purple
713,20,6,224,21.1,5.6000000000000005,1,purple
714,2,1,6,20.4,6.116666666666667,1,purple
715,4,3,11,17.9,4.366666666666666,1,purple
716,1,1,5,12.8,7.000000000000001,1,purple
717,2,0,39,17.0,5.05,1,purple
718,2,2,5,23.1,7.25,1,purple
719,5,3,20,30.4,7.566666666666666,1,purple
720,8,4,41,6.9,3.9333333333333336,1,purple
721,4,2,10,16.0,4.566666666666666,1,purple
722,7,4,18,11.8,6.866666666666667,1,purple
723,2,1,16,12.9,5.25,1,purple
724,2,1,1,14.3,5.583333333333333,1,purple
725,3,3,3,15.9,5.949999999999999,1,purple
726,5,0,28,11.5,4.5,1,purple
727,2,0,3,20.4,5.483333333333333,1,purple
728,1,0,7,13.0,5.283333333333334,1,purple
729,2,2,21,10.5,4.566666666666666,1,purple
730,4,4,24,9.2,3.9500000000000006,1,purple
731,2,0,3,16.7,5.416666666666667,1,purple
732,1,1,1,21.7,4.766666666666667,1,purple
733,3,3,9,20.8,9.433333333333334,1,purple
734,1,0,6,24.0,4.999999999999999,1,purple
735,5,3,137,14.4,6.133333333333333,1,purple
736,6,6,15,13.8,4.783333333333334,1,purple
737,3,1,19,35.3,8.383333333333335,1,purple
738,2,0,2,26.8,6.300000000000001,1,purple
739,1,0,1,16.2,5.216666666666667,1,purple
740,2,1,1,18.2,4.983333333333333,1,purple
741,11,5,71,10.0,4.5,1,purple
742,1,1,4,21.9,6.1000000000000005,1,purple
743,1,1,3,25.0,9.85,1,purple
744,2,1,9,24.4,5.883333333333333,1,purple
745,33,25,835,8.8,3.8166666666666655,0,pink
746,1,1,1,20.4,6.033333333333332,1,purple
747,4,4,20,24.8,8.383333333333333,1,purple
748,10,8,52,11.0,4.333333333333333,1,purple
749,1,0,5,20.9,6.483333333333333,1,purple
750,2,0,3,19.0,4.966666666666667,1,purple
751,1,1,7,13.4,5.033333333333332,1,purple
752,10,9,38,12.6,5.533333333333332,1,purple
753,3,1,8,18.5,6.083333333333333,1,purple
754,3,2,2,24.5,4.65,1,purple
755,3,0,9,11.0,7.516666666666666,1,purple
756,1,1,3,14.6,4.833333333333333,1,purple
757,9,7,39,9.5,4.816666666666666,1,purple
758,4,3,26,27.2,10.566666666666666,1,purple
759,2,1,10,17.9,4.666666666666667,1,purple
760,2,1,10,23.8,4.833333333333333,1,purple
761,8,6,70,13.1,4.566666666666666,1,purple
762,3,1,7,14.9,4.25,1,purple
763,4,1,40,13.3,5.416666666666667,1,purple
764,2,2,10,25.4,7.766666666666668,1,purple
765,105,81,1341,9.4,4.666666666666667,0,pink
766,3,1,25,12.7,4.05,1,purple
767,2,0,7,19.4,8.166666666666666,1,purple
768,16,11,62,10.1,4.15,1,purple
769,1,1,9,24.9,8.583333333333334,1,purple
770,7,5,17,26.5,7.233333333333334,1,purple
771,2,2,1,16.0,4.983333333333333,1,purple
772,4,2,54,18.9,5.766666666666667,1,purple
773,1,1,7,24.9,8.533333333333333,1,purple
774,3,3,5,31.9,7.55,1,purple
775,1,1,5,28.7,9.983333333333333,1,purple
776,1,1,10,24.3,9.416666666666666,1,purple
777,1,0,4,24.2,8.933333333333334,1,purple
778,2,1,12,20.1,5.966666666666668,1,purple
779,1,1,2,16.2,6.866666666666667,1,purple
780,5,3,15,15.1,4.433333333333333,1,purple
781,1,1,8,12.2,5.333333333333333,1,purple
782,11,8,97,9.5,5.783333333333334,1,purple
783,2,1,4,23.4,7.049999999999998,1,purple
784,4,4,3,12.7,4.916666666666667,1,purple
785,5,4,52,12.5,4.333333333333333,1,purple
786,3,2,5,18.5,4.716666666666667,1,purple
787,8,6,12,11.3,5.466666666666666,1,purple
788,2,2,4,25.6,8.700000000000001,1,purple
789,2,2,2,13.7,6.233333333333333,1,purple
790,1,0,3,11.3,5.283333333333334,1,purple
791,1,1,9,15.6,5.116666666666667,1,purple
792,2,1,4,24.4,5.016666666666667,1,purple
793,2,2,2,25.2,4.283333333333334,1,purple
794,2,1,4,15.2,6.383333333333333,1,purple
795,1,1,4,23.7,6.933333333333334,1,purple
796,2,2,17,17.9,7.05,1,purple
797,8,6,29,10.2,4.883333333333333,1,purple
798,2,2,1,24.2,5.5,1,purple
799,2,2,17,16.7,6.116666666666667,1,purple
800,3,3,12,6.2,3.616666666666667,1,purple
801,1,0,1,20.7,4.7,1,purple
802,3,3,5,31.2,8.200000000000001,1,purple
803,2,2,2,16.2,4.583333333333333,1,purple
804,1,0,16,23.1,8.1,1,purple
805,6,5,29,23.0,7.85,1,purple
806,3,2,5,19.7,6.466666666666666,1,purple
807,9,5,41,17.2,5.566666666666666,1,purple
808,3,2,9,21.6,5.75,1,purple
809,4,2,10,15.8,5.8500000000000005,1,purple
810,2,0,6,21.5,7.7,1,purple
811,4,3,29,9.0,4.0,1,purple
812,3,3,11,13.5,3.85,1,purple
813,3,2,6,9.6,4.05,1,purple
814,5,5,17,12.9,4.9,1,purple
815,1,1,6,22.5,4.3,1,purple
816,1,1,12,12.0,5.483333333333333,1,purple
817,1,1,2,17.2,5.15,1,purple
818,2,2,9,10.0,5.8,1,purple
819,8,5,91,11.9,4.383333333333333,1,purple
820,2,2,9,25.4,7.016666666666666,1,purple
821,1,0,4,17.5,5.1000000000000005,1,purple
822,4,1,28,18.6,5.949999999999999,1,purple
823,2,2,13,28.2,8.5,1,purple
824,1,0,9,8.9,3.483333333333333,1,purple
825,10,9,64,21.0,6.3,1,purple
826,1,1,6,20.3,6.466666666666666,1,purple
827,3,1,56,11.4,4.833333333333333,1,purple
828,3,0,8,23.2,6.65,1,purple
829,1,1,10,14.7,5.783333333333334,1,purple
830,3,2,6,15.9,6.8500000000000005,1,purple
831,7,4,106,10.3,5.016666666666666,1,purple
832,37,25,829,13.0,6.516666666666666,0,pink
833,15,11,142,13.2,5.133333333333333,1,purple
834,1,0,3,23.3,6.75,1,purple
835,3,1,3,25.7,7.650000000000001,1,purple
836,8,4,10,19.8,7.666666666666667,1,purple
837,1,0,13,17.4,6.699999999999999,1,purple
838,24,19,899,9.5,5.233333333333333,0,pink
839,1,1,1,29.5,11.45,1,purple
840,9,8,15,24.3,6.650000000000001,1,purple
841,2,1,5,25.0,8.066666666666666,1,purple
842,16,13,92,20.1,7.533333333333334,1,purple
843,2,1,3,19.4,5.1000000000000005,1,purple
844,4,4,29,18.7,5.633333333333333,1,purple
845,18,13,271,11.4,5.383333333333333,1,purple
846,5,3,22,11.5,5.816666666666666,1,purple
847,3,3,53,14.8,4.783333333333332,1,purple
848,5,3,12,26.1,8.433333333333334,1,purple
849,7,3,15,20.5,9.083333333333334,1,purple
850,4,3,59,11.6,6.433333333333334,1,purple
851,23,19,183,13.5,5.933333333333334,1,purple
852,1,1,17,20.2,6.166666666666667,1,purple
853,14,12,114,14.5,5.750000000000001,1,purple
854,1,0,4,19.2,5.6000000000000005,1,purple
855,2,2,7,21.7,7.000000000000001,1,purple
856,2,2,12,14.3,5.833333333333333,1,purple
857,2,0,5,14.6,7.383333333333333,1,purple
858,12,12,120,23.3,7.283333333333334,1,purple
859,3,2,46,18.1,6.483333333333333,1,purple
860,3,1,41,17.2,7.716666666666666,1,purple
861,4,3,108,16.4,6.650000000000001,1,purple
862,3,3,120,21.0,5.95,1,purple
863,2,2,16,14.3,6.266666666666667,1,purple
864,5,5,34,22.1,6.3500000000000005,1,purple
865,3,2,14,13.2,6.8,1,purple
866,2,2,38,20.5,6.666666666666667,1,purple
867,4,3,17,16.1,7.333333333333333,1,purple
868,1,1,2,21.2,10.75,1,purple
869,1,0,1,17.9,4.616666666666667,1,purple
870,2,0,3,18.2,6.983333333333334,1,purple
871,32,12,49,9.8,3.7,1,purple
872,21,2,28,11.4,5.033333333333334,1,purple
873,50,21,120,4.9,3.1500000000000004,1,purple
874,9,2,27,7.4,4.433333333333334,1,purple
875,7,4,20,5.9,4.383333333333334,1,purple
876,18,8,144,7.5,3.633333333333333,1,purple
877,11,4,26,6.4,3.616666666666667,1,purple
878,8,4,47,6.9,3.733333333333334,1,purple
879,16,2,25,8.1,4.6,1,purple
880,34,11,72,8.0,4.116666666666667,1,purple
881,7,0,7,9.7,4.55,1,purple
882,8,3,17,6.0,3.1,1,purple
883,6,0,178,11.6,5.366666666666667,1,purple
884,6,2,13,7.8,4.083333333333333,1,purple
885,15,5,7,10.7,5.316666666666666,1,purple
886,44,12,111,6.8,3.483333333333334,1,purple
887,7,5,27,9.8,6.116666666666666,1,purple
888,16,7,440,7.6,3.9166666666666665,1,purple
889,46,37,319,8.5,4.716666666666667,1,purple
890,2,1,15,5.3,3.9166666666666665,1,purple
891,5,0,5,15.7,4.483333333333333,1,purple
892,8,5,18,7.3,3.65,1,purple
893,7,5,26,10.5,4.95,1,purple
894,10,6,56,6.8,4.466666666666667,1,purple
895,7,2,13,12.1,5.800000000000001,1,purple
896,34,29,81,7.5,4.033333333333334,1,purple
897,3,2,4,10.2,5.383333333333333,1,purple
898,18,13,71,7.3,4.2,1,purple
899,21,15,49,4.5,3.466666666666667,1,purple
900,5,2,2,11.4,4.833333333333333,1,purple
901,70,47,98,9.0,3.783333333333333,1,purple
902,54,44,448,13.3,4.9,1,purple
903,4,1,9,6.8,3.9166666666666665,1,purple
904,5,2,25,10.2,4.1000000000000005,1,purple
905,5,4,14,18.7,7.166666666666667,1,purple
906,3,2,3,8.8,4.283333333333333,1,purple
907,10,5,82,12.8,4.966666666666667,1,purple
908,14,6,57,12.8,5.933333333333333,1,purple
909,6,1,17,8.7,9.016666666666666,1,purple
910,134,95,3768,14.8,6.55,0,pink
911,20,14,125,4.5,5.766666666666666,1,purple
912,36,20,184,8.7,5.266666666666667,1,purple
913,41,30,489,14.3,5.766666666666666,1,purple
914,87,76,483,10.7,4.9,1,purple
915,7,7,29,6.7,4.116666666666667,1,purple
916,110,78,1016,14.2,6.083333333333333,0,pink
917,12,8,33,5.3,4.15,1,purple
918,157,112,379,6.6,3.8,1,purple
919,48,38,160,6.1,4.183333333333334,1,purple
920,35,28,537,7.1,4.9,1,purple
921,259,165,1812,13.7,4.516666666666667,0,pink
922,78,51,545,9.3,4.866666666666666,1,purple
923,1,0,1,10.7,7.6,1,purple
924,1,1,1,10.1,8.566666666666668,1,purple
925,6,4,21,9.1,4.250000000000001,1,purple
926,4,1,3,8.1,5.900000000000001,1,purple
927,2,0,2,11.5,8.4,1,purple
928,2,1,9,7.3,4.366666666666667,1,purple
929,10,5,67,9.5,5.883333333333333,1,purple
930,1,0,2,6.7,6.683333333333334,1,purple
931,17,7,74,10.3,5.316666666666666,1,purple
932,4,2,8,10.9,5.050000000000001,1,purple
933,9,4,195,9.0,5.466666666666666,1,purple
934,6,3,19,12.3,5.233333333333333,1,purple
935,1,1,5,6.0,6.066666666666667,1,purple
936,2,1,1,9.9,10.166666666666666,1,purple
937,4,1,7,10.0,7.483333333333333,1,purple
938,3,0,15,15.5,7.6,1,purple
939,2,0,12,5.5,4.0,1,purple
940,1,0,1,10.1,7.383333333333333,1,purple
941,4,1,3,5.9,6.466666666666666,1,purple
942,2,0,5,5.0,5.083333333333333,1,purple
943,8,3,24,5.7,4.55,1,purple
944,4,2,1,6.1,7.016666666666666,1,purple
945,26,13,687,9.4,6.483333333333334,0,pink
946,3,0,5,13.0,6.983333333333332,1,purple
947,1,0,2,6.3,6.216666666666668,1,purple
948,5,1,29,4.8,4.783333333333332,1,purple
949,4,0,4,8.9,5.566666666666666,1,purple
950,5,2,10,11.8,5.416666666666667,1,purple
951,4,3,4,7.2,5.916666666666667,1,purple
952,3,0,6,10.9,5.533333333333334,1,purple
953,29,12,183,7.1,4.633333333333334,1,purple
954,8,2,12,9.5,4.583333333333333,1,purple
955,3,0,2,11.1,7.5,1,purple
956,3,1,3,8.9,6.516666666666667,1,purple
957,4,1,22,8.5,5.0,1,purple
958,14,5,137,9.2,5.266666666666667,1,purple
959,31,21,189,6.4,4.383333333333334,1,purple
960,2,0,3,12.7,7.399999999999999,1,purple
961,50,30,407,9.3,4.033333333333334,1,purple
962,1,0,1,17.6,8.033333333333333,1,purple
963,5,2,12,9.1,7.033333333333334,1,purple
964,6,2,20,9.1,5.233333333333333,1,purple
965,2,1,6,4.8,4.6,1,purple
966,35,18,185,10.1,5.933333333333333,1,purple
967,11,3,12,5.0,5.9,1,purple
968,4,3,4,7.9,6.116666666666667,1,purple
969,4,1,10,9.8,6.050000000000001,1,purple
970,6,3,2,7.5,4.983333333333333,1,purple
971,4,3,8,5.8,4.916666666666666,1,purple
972,6,2,34,8.6,5.1000000000000005,1,purple
973,8,0,8,11.3,5.6000000000000005,1,purple
974,1,0,2,13.1,10.133333333333336,1,purple
975,15,12,143,8.7,6.15,1,purple
976,3,2,8,11.9,5.416666666666667,1,purple
977,66,37,495,5.9,4.750000000000001,1,purple
978,2,0,4,12.8,7.483333333333334,1,purple
979,1,0,3,14.1,7.966666666666666,1,purple
980,2,0,3,7.5,8.600000000000001,1,purple
981,2,0,2,8.0,6.45,1,purple
982,10,8,44,7.0,3.783333333333333,1,purple
983,3,1,1,10.4,9.283333333333331,1,purple
984,1,0,5,10.1,8.95,1,purple
985,13,4,248,10.6,6.0,1,purple
986,11,10,25,9.2,6.599999999999999,1,purple
987,5,2,17,13.0,4.983333333333333,1,purple
988,6,2,14,11.6,6.366666666666667,1,purple
989,4,1,9,7.8,5.633333333333333,1,purple
990,1,1,6,10.7,6.666666666666667,1,purple
991,4,3,24,12.9,5.916666666666667,1,purple
992,20,11,245,4.7,3.883333333333333,1,purple
993,150,97,1962,13.5,7.116666666666667,0,pink
994,4,0,5,10.4,6.25,1,purple
995,2,1,5,8.8,6.633333333333333,1,purple
996,21,15,69,6.0,3.816666666666667,1,purple
997,4,2,15,6.9,4.516666666666667,1,purple
998,8,3,56,7.9,4.966666666666667,1,purple
999,6,4,14,8.3,4.483333333333333,1,purple
1000,9,3,15,5.5,3.2999999999999994,1,purple
1001,6,2,2,6.5,4.033333333333334,1,purple
1002,3,2,10,6.0,5.133333333333334,1,purple
1003,6,3,13,3.9,3.3000000000000003,1,purple
1004,4,0,9,7.8,6.566666666666667,1,purple
1005,4,0,1,10.6,4.2,1,purple
1006,5,2,11,5.4,4.4,1,purple
1007,7,3,32,5.1,3.35,1,purple
1008,2,0,2,13.9,8.933333333333334,1,purple
1009,2,1,3,2.9,4.8500000000000005,1,purple
1010,2,1,2,10.6,4.866666666666667,1,purple
1011,7,1,45,5.9,5.05,1,purple
1012,21,9,68,4.9,3.5666666666666664,1,purple
1013,3,2,3,5.1,3.7833333333333337,1,purple
1014,5,3,12,4.9,3.5,1,purple
1015,6,1,5,9.0,3.85,1,purple
1016,3,2,63,11.2,3.933333333333332,1,purple
1017,9,0,9,5.6,3.7000000000000006,1,purple
1018,137,76,774,6.7,3.6,0,pink
1019,5,1,2,4.9,3.6,1,purple
1020,4,2,2,7.0,5.983333333333333,1,purple
1021,2,0,5,7.5,4.65,1,purple
1022,10,4,8,6.0,6.983333333333333,1,purple
1023,2,0,1,7.3,3.9,1,purple
1024,4,2,1,9.8,6.466666666666666,1,purple
1025,6,4,7,11.0,3.6833333333333336,1,purple
1026,2,1,2,6.7,4.016666666666667,1,purple
1027,2,0,1,5.3,4.883333333333334,1,purple
1028,5,1,1,6.1,5.000000000000001,1,purple
1029,5,3,4,8.0,3.4333333333333336,1,purple
1030,7,5,1,6.9,4.116666666666666,1,purple
1031,1,0,4,13.1,6.516666666666667,1,purple
1032,1,0,2,6.8,3.966666666666667,1,purple
1033,4,2,4,7.4,4.233333333333333,1,purple
1034,6,2,15,10.2,6.016666666666667,1,purple
1035,8,4,6,9.3,5.533333333333332,1,purple
1036,6,2,49,12.4,3.35,1,purple
1037,7,2,2,23.7,3.35,1,purple
1038,2,1,4,8.1,4.966666666666667,1,purple
1039,19,13,181,5.4,3.1666666666666665,1,purple
1040,10,2,19,7.9,4.316666666666666,1,purple
1041,1,1,2,6.8,5.266666666666667,1,purple
1042,6,1,8,9.6,6.033333333333334,1,purple
1043,5,0,13,8.1,4.3500000000000005,1,purple
1044,2,0,1,6.0,3.4166666666666665,1,purple
1045,81,35,411,9.7,3.8333333333333335,1,purple
1046,2,0,3,7.4,6.133333333333333,1,purple
1047,3,0,1,9.1,4.166666666666667,1,purple
1048,6,3,1,9.5,4.766666666666667,1,purple
1049,11,7,9,8.9,3.566666666666667,1,purple
1050,2,1,1,6.7,2.3666666666666667,1,purple
1051,3,1,3,7.1,4.516666666666667,1,purple
1052,45,14,91,5.5,5.05,1,purple
1053,12,5,13,5.3,3.4166666666666665,1,purple
1054,6,5,10,5.4,4.116666666666666,1,purple
1055,21,8,56,8.3,3.783333333333333,1,purple
1056,8,3,5,7.5,3.6833333333333336,1,purple
1057,2,0,4,9.4,4.933333333333334,1,purple
1058,4,1,1,13.0,4.45,1,purple
1059,3,1,5,6.6,3.766666666666666,1,purple
1060,4,0,2,9.4,6.066666666666666,1,purple
1061,2,0,1,7.0,4.433333333333334,1,purple
1062,17,4,33,3.9,3.4166666666666665,1,purple
1063,1,1,3,15.5,4.366666666666667,1,purple
1064,2,2,6,5.1,3.383333333333333,1,purple
1065,6,4,26,6.5,3.4,1,purple
1066,11,4,7,5.1,3.8333333333333335,1,purple
1067,1,0,3,8.7,3.733333333333333,1,purple
1068,10,3,68,22.1,8.116666666666667,1,purple
1069,5,2,39,18.7,5.133333333333334,1,purple
1070,1,1,5,18.1,7.333333333333333,1,purple
1071,4,0,22,22.4,6.866666666666667,1,purple
1072,12,6,22,22.2,7.366666666666667,1,purple
1073,2,1,12,22.5,5.866666666666667,1,purple
1074,1,0,3,19.8,6.916666666666668,1,purple
1075,4,1,18,24.6,6.95,1,purple
1076,1,0,8,17.1,6.916666666666667,1,purple
1077,5,1,18,18.3,8.416666666666666,1,purple
1078,13,8,24,20.5,9.033333333333331,1,purple
1079,3,2,25,19.8,6.766666666666666,1,purple
1080,1,0,13,16.8,5.449999999999999,1,purple
1081,8,5,57,9.6,4.583333333333333,1,purple
1082,11,8,148,12.6,5.849999999999999,1,purple
1083,1,0,1,15.4,7.25,1,purple
1084,5,4,40,19.2,5.433333333333334,1,purple
1085,1,1,38,12.5,6.333333333333333,1,purple
1086,13,8,283,11.7,6.033333333333334,1,purple
1087,36,26,850,12.5,6.033333333333334,0,pink
1088,7,3,29,23.2,11.466666666666669,1,purple
1089,2,0,7,20.9,5.216666666666667,1,purple
1090,5,3,132,11.3,6.9,1,purple
1091,1,0,8,15.8,7.399999999999999,1,purple
1092,2,1,4,22.0,15.516666666666666,1,purple
1093,2,1,14,17.6,7.966666666666668,1,purple
1094,6,1,69,15.9,5.866666666666667,1,purple
1095,1,1,12,17.9,8.766666666666667,1,purple
1096,1,1,34,9.6,4.9,1,purple
1097,2,2,31,10.6,4.583333333333333,1,purple
1098,9,5,358,15.5,6.050000000000001,1,purple
1099,2,0,8,21.4,6.183333333333334,1,purple
1100,18,7,103,16.4,5.216666666666666,1,purple
1101,11,9,41,18.4,8.883333333333335,1,purple
1102,2,1,31,13.7,5.8500000000000005,1,purple
1103,5,4,103,14.0,6.266666666666666,1,purple
1104,6,3,54,8.3,4.65,1,purple
1105,2,1,28,18.5,6.283333333333334,1,purple
1106,5,3,31,17.9,6.25,1,purple
1107,4,1,54,19.0,6.433333333333334,1,purple
1108,3,1,37,19.7,6.316666666666667,1,purple
1109,2,0,13,14.8,6.0,1,purple
1110,1,1,14,29.1,8.516666666666667,1,purple
1111,3,1,31,9.3,5.833333333333332,1,purple
1112,3,2,34,19.4,7.650000000000001,1,purple
1113,3,3,20,16.2,5.883333333333333,1,purple
1114,6,1,44,16.8,7.016666666666667,1,purple
1115,3,1,18,19.9,5.466666666666666,1,purple
1116,3,1,2,28.7,9.516666666666666,1,purple
1117,7,5,77,10.5,4.133333333333334,1,purple
1118,3,1,14,26.0,4.7,1,purple
1119,2,2,3,22.5,9.116666666666664,1,purple
1120,2,2,11,20.3,5.566666666666666,1,purple
1121,11,5,4,25.1,9.533333333333331,1,purple
1122,5,2,1,30.5,6.45,1,purple
1123,1,0,2,17.0,6.15,1,purple
1124,4,1,12,20.1,5.566666666666667,1,purple
1125,5,3,19,19.6,5.583333333333333,1,purple
1126,3,3,13,16.5,8.266666666666666,1,purple
1127,2,1,7,21.9,4.733333333333333,1,purple
1128,10,6,75,12.9,6.566666666666667,1,purple
1129,12,7,49,21.2,8.816666666666668,1,purple
1130,2,0,21,20.7,7.083333333333333,1,purple
1131,3,1,3,25.2,10.45,1,purple
1132,2,2,10,18.3,7.100000000000001,1,purple
1133,2,1,5,16.7,6.316666666666667,1,purple
1134,8,6,25,21.1,7.316666666666667,1,purple
1135,2,0,10,9.9,4.716666666666666,1,purple
1136,2,0,3,8.3,3.4333333333333336,1,purple
1137,1,0,23,13.8,4.133333333333333,1,purple
1138,2,1,1,12.8,4.383333333333333,1,purple
1139,1,1,1,12.6,4.883333333333334,1,purple
1140,1,1,5,15.5,5.75,1,purple
1141,1,1,8,20.2,4.733333333333333,1,purple
1142,7,7,512,5.5,3.066666666666667,1,purple
1143,12,8,72,11.7,3.9,1,purple
1144,2,2,31,17.0,5.3500000000000005,1,purple
1145,5,4,46,13.8,3.783333333333333,1,purple
1146,6,6,155,9.0,3.85,1,purple
1147,1,1,2,14.2,4.683333333333334,1,purple
1148,6,4,22,7.6,3.983333333333334,1,purple
1149,4,1,2,12.3,4.366666666666666,1,purple
1150,1,1,18,8.0,3.583333333333333,1,purple
1151,18,12,106,6.7,4.0,1,purple
1152,1,1,3,8.0,4.216666666666666,1,purple
1153,7,5,101,7.7,3.35,1,purple
1154,2,1,12,11.3,4.466666666666666,1,purple
1155,1,1,5,22.1,5.016666666666667,1,purple
1156,1,0,6,16.6,5.15,1,purple
1157,2,1,1,12.7,3.933333333333334,1,purple
1158,1,0,1,16.8,4.533333333333334,1,purple
1159,4,2,20,23.7,6.866666666666666,1,purple
1160,1,1,49,11.6,4.283333333333333,1,purple
1161,1,0,1,10.8,3.216666666666667,1,purple
1162,15,8,361,8.2,3.6166666666666663,1,purple
1163,3,1,1,13.5,4.016666666666667,1,purple
1164,3,0,1,11.8,3.966666666666667,1,purple
1165,2,0,5,12.2,4.65,1,purple
1166,4,3,7,13.0,5.3500000000000005,1,purple
1167,93,57,1123,9.4,5.016666666666667,0,pink
1168,14,7,121,13.3,3.9,1,purple
1169,6,5,65,10.9,4.2,1,purple
1170,4,3,10,7.5,4.65,1,purple
1171,2,1,11,14.8,5.933333333333333,1,purple
1172,5,2,5,9.4,4.116666666666667,1,purple
1173,4,1,18,15.3,4.266666666666667,1,purple
1174,2,1,1,10.6,5.883333333333333,1,purple
1175,1,0,3,13.3,3.316666666666667,1,purple
1176,2,2,1,15.6,4.9,1,purple
1177,3,1,17,12.0,3.9166666666666665,1,purple
1178,1,0,3,12.7,4.916666666666667,1,purple
1179,3,2,22,24.3,5.116666666666666,1,purple
1180,1,1,7,14.6,3.8333333333333335,1,purple
1181,1,1,4,14.8,4.0,1,purple
1182,8,3,10,21.3,6.183333333333334,1,purple
1183,2,1,29,12.9,4.15,1,purple
1184,3,2,1,7.7,3.9666666666666655,1,purple
1185,1,0,3,16.9,5.2,1,purple
1186,1,1,3,10.1,3.1,1,purple
1187,2,0,3,17.7,6.566666666666666,1,purple
1188,5,1,12,22.2,7.35,1,purple
1189,1,1,7,12.3,3.5333333333333337,1,purple
1190,4,2,14,13.5,4.816666666666667,1,purple
1191,2,2,13,11.7,4.166666666666667,1,purple
1192,1,0,8,15.8,4.2,1,purple
1193,4,1,99,4.2,3.633333333333334,1,purple
1194,2,0,15,13.1,4.9,1,purple
1195,2,2,1,11.9,4.916666666666667,1,purple
1196,2,1,5,20.1,6.550000000000001,1,purple
1197,10,9,76,5.2,3.4166666666666665,1,purple
1198,1,1,1,15.5,5.6000000000000005,1,purple
1199,1,0,1,10.6,4.016666666666667,1,purple
1200,4,2,14,15.2,5.083333333333333,1,purple
1201,58,41,775,6.5,4.1000000000000005,0,pink
1202,5,3,6,16.0,4.0,1,purple
1203,6,4,43,15.0,4.616666666666666,1,purple
1204,1,0,2,20.0,6.583333333333333,1,purple
1205,1,1,1,9.3,3.8333333333333335,1,purple
1206,5,3,3,19.1,5.566666666666667,1,purple
1207,1,1,6,12.8,6.650000000000001,1,purple
1208,4,3,18,11.1,7.466666666666666,1,purple
1209,3,2,10,16.4,5.416666666666667,1,purple
1210,2,0,16,11.7,4.15,1,purple
1211,1,1,6,11.3,3.966666666666667,1,purple
1212,2,0,9,23.1,5.783333333333334,1,purple
1213,3,0,6,13.9,4.333333333333334,1,purple
1214,3,1,1,19.6,5.633333333333333,1,purple
1215,79,57,2110,12.2,5.4,0,pink
1216,2,0,5,4.9,3.3833333333333333,1,purple
1217,1,0,1,10.1,4.533333333333333,1,purple
1218,2,0,2,5.8,4.133333333333334,1,purple
1219,14,6,49,8.2,4.166666666666667,1,purple
1220,2,1,2,8.0,3.516666666666667,1,purple
1221,1,1,4,8.9,3.9333333333333336,1,purple
1222,4,0,1,7.3,3.983333333333333,1,purple
1223,10,3,58,5.3,5.766666666666666,1,purple
1224,6,2,37,3.2,3.1333333333333333,1,purple
1225,2,0,3,10.4,8.600000000000001,1,purple
1226,3,0,2,9.3,4.183333333333334,1,purple
1227,1,0,4,5.7,4.3,1,purple
1228,4,0,13,8.2,4.916666666666666,1,purple
1229,8,3,63,4.4,3.65,1,purple
1230,2,0,1,29.8,2.8166666666666664,1,purple
1231,3,1,9,10.4,8.883333333333335,1,purple
1232,14,7,70,4.4,4.1000000000000005,1,purple
1233,1,0,4,8.5,4.766666666666667,1,purple
1234,3,1,5,5.5,4.683333333333334,1,purple
1235,1,1,1,9.1,4.766666666666667,1,purple
1236,1,1,3,10.6,4.45,1,purple
1237,2,0,25,8.4,4.883333333333334,1,purple
1238,1,0,3,7.7,4.1000000000000005,1,purple
1239,1,1,3,11.2,7.333333333333333,1,purple
1240,1,1,2,8.1,3.016666666666667,1,purple
1241,5,1,73,7.5,4.616666666666667,1,purple
1242,3,0,1,11.2,3.3666666666666667,1,purple
1243,1,0,2,6.1,3.45,1,purple
1244,15,5,146,5.9,3.8,1,purple
1245,11,9,8,10.0,3.216666666666667,1,purple
1246,3,0,2,7.0,2.483333333333333,1,purple
1247,1,0,1,4.0,3.0,1,purple
1248,8,5,16,6.9,2.716666666666667,1,purple
1249,1,0,2,8.7,3.6,1,purple
1250,2,0,1,7.0,2.833333333333333,1,purple
1251,1,0,8,5.6,3.4166666666666665,1,purple
1252,1,1,2,11.9,2.0,1,purple
1253,2,2,2,6.4,3.1,1,purple
1254,1,1,1,11.6,2.6166666666666667,1,purple
1255,3,1,1,6.6,2.3000000000000003,1,purple
1256,4,3,8,23.5,3.983333333333333,1,purple
1257,1,0,2,3.9,2.75,1,purple
1258,6,4,3,22.0,3.016666666666667,1,purple
1259,2,0,1,12.1,3.15,1,purple
1260,4,2,10,11.1,3.0500000000000007,1,purple
1261,36,27,905,9.4,3.5333333333333337,0,pink
1262,5,0,2,11.3,2.6500000000000004,1,purple
1263,5,3,8,10.0,3.516666666666667,1,purple
1264,8,4,15,15.4,3.883333333333333,1,purple
1265,2,0,1,7.0,2.5,1,purple
1266,1,0,2,7.9,3.3833333333333333,1,purple
1267,2,0,1,6.5,2.466666666666667,1,purple
1268,2,2,1,8.9,2.5666666666666664,1,purple
1269,1,0,3,8.5,3.0,1,purple
1270,2,1,1,7.9,3.1166666666666667,1,purple
1271,20,8,460,6.3,2.9333333333333336,1,purple
1272,6,5,19,6.5,3.216666666666667,1,purple
1273,9,4,9,9.6,2.85,1,purple
1274,3,0,2,5.8,3.333333333333334,1,purple
1275,2,0,1,8.2,3.633333333333333,1,purple
1276,3,0,2,7.2,3.25,1,purple
1277,2,1,1,6.7,2.5166666666666666,1,purple
1278,3,1,15,11.1,3.116666666666667,1,purple
1279,2,0,1,8.6,2.6166666666666667,1,purple
1280,3,2,2,7.5,2.7,1,purple
1281,2,0,2,7.8,3.1500000000000004,1,purple
1282,12,8,29,4.5,3.016666666666667,1,purple
1283,2,0,3,6.8,3.033333333333333,1,purple
1284,4,1,12,12.0,3.566666666666667,1,purple
1285,4,0,3,6.0,3.016666666666667,1,purple
1286,1,1,1,7.0,3.0,1,purple
1287,1,1,9,4.4,3.116666666666667,1,purple
1288,3,1,7,6.4,2.783333333333333,1,purple
1289,1,1,2,8.4,5.016666666666667,1,purple
1290,40,26,1429,13.9,6.900000000000001,0,pink
1291,1,1,8,6.8,5.666666666666667,1,purple
1292,2,1,31,13.7,4.2,1,purple
1293,2,0,3,17.6,4.516666666666667,1,purple
1294,1,0,1,11.7,4.8500000000000005,1,purple
1295,1,1,1,13.8,4.95,1,purple
1296,1,1,21,13.1,6.966666666666666,1,purple
1297,14,8,322,11.4,5.016666666666667,1,purple
1298,4,1,27,13.0,5.866666666666667,1,purple
1299,14,5,49,6.8,3.516666666666667,1,purple
1300,13,7,15,5.8,3.683333333333333,1,purple
1301,13,4,47,6.6,3.333333333333333,1,purple
1302,19,10,12,12.2,4.366666666666666,1,purple
1303,24,10,28,7.2,2.966666666666667,1,purple
1304,52,33,366,7.9,3.6666666666666665,1,purple
1305,33,15,73,6.8,3.1,1,purple
1306,26,11,192,4.9,3.733333333333333,1,purple
1307,17,8,141,7.2,3.216666666666667,1,purple
1308,21,4,12,8.8,2.883333333333333,1,purple
1309,46,27,386,13.0,8.733333333333334,1,purple
1310,40,28,151,7.5,4.716666666666668,1,purple
1311,21,17,209,6.3,4.783333333333333,1,purple
1312,44,21,363,11.3,5.9,1,purple
1313,9,8,31,7.5,9.783333333333331,1,purple
1314,12,4,251,20.6,7.533333333333334,1,purple
1315,133,65,897,13.9,6.55,0,pink
1316,14,11,96,7.1,5.416666666666667,1,purple
1317,58,20,692,15.2,5.266666666666666,0,pink
1318,7,3,13,5.0,4.033333333333333,1,purple
1319,45,28,771,11.5,4.516666666666667,0,pink
1320,35,23,113,10.2,4.783333333333333,1,purple
1321,56,34,140,6.6,4.816666666666667,1,purple
1322,24,19,48,5.5,4.216666666666667,1,purple
1323,24,15,88,8.0,5.516666666666667,1,purple
1324,39,23,614,16.3,6.733333333333333,1,purple
1325,6,5,50,11.2,6.516666666666667,1,purple
1326,19,16,59,5.5,4.366666666666666,1,purple
1327,7,5,12,5.1,5.150000000000001,1,purple
1328,41,21,235,13.6,5.533333333333332,1,purple
1329,9,8,9,8.5,4.9,1,purple
1330,40,25,748,11.1,5.75,0,pink
1331,6,4,92,21.8,6.266666666666667,1,purple
1332,8,5,35,18.1,4.75,1,purple
1333,12,5,109,20.6,6.866666666666667,1,purple
1334,7,3,91,15.6,5.033333333333334,1,purple
1335,2,1,15,12.5,6.283333333333334,1,purple
1336,3,1,1,17.3,6.316666666666667,1,purple
1337,1,1,2,17.7,5.166666666666667,1,purple
1338,7,2,29,25.7,6.883333333333334,1,purple
1339,1,0,5,2.4,3.766666666666666,1,purple
1340,4,2,5,30.2,14.366666666666667,1,purple
1341,6,2,12,22.8,8.75,1,purple
1342,1,1,15,16.6,6.116666666666667,1,purple
1343,2,1,4,18.1,6.300000000000001,1,purple
1344,1,1,35,10.1,6.333333333333333,1,purple
1345,5,2,63,15.1,7.516666666666667,1,purple
1346,2,1,11,16.7,7.183333333333333,1,purple
1347,15,7,159,10.7,5.383333333333333,1,purple
1348,2,1,5,16.0,8.083333333333334,1,purple
1349,2,0,4,18.2,6.616666666666667,1,purple
1350,3,1,28,15.5,6.75,1,purple
1351,27,20,249,7.9,4.516666666666667,1,purple
1352,167,97,823,27.2,7.966666666666666,0,pink
1353,10,5,98,9.3,5.849999999999999,1,purple
1354,5,4,27,11.2,6.3500000000000005,1,purple
1355,6,4,25,12.2,5.333333333333333,1,purple
1356,17,10,112,11.2,6.066666666666666,1,purple
1357,5,2,74,9.7,5.766666666666666,1,purple
1358,6,2,12,11.9,5.3,1,purple
1359,8,5,16,12.4,5.533333333333334,1,purple
1360,5,4,23,9.7,4.016666666666667,1,purple
1361,2,2,13,9.3,5.866666666666667,1,purple
1362,5,4,9,11.1,5.6000000000000005,1,purple
1363,13,10,188,8.9,4.65,1,purple
1364,121,90,1037,8.2,5.583333333333333,0,pink
1365,3,1,9,8.5,5.733333333333333,1,purple
1366,6,3,7,12.6,6.066666666666666,1,purple
1367,2,1,12,12.7,6.083333333333333,1,purple
1368,6,3,26,7.8,4.983333333333333,1,purple
1369,5,5,14,13.3,5.516666666666667,1,purple
1370,1,0,1,22.5,6.866666666666666,1,purple
1371,7,3,7,10.2,5.9,1,purple
1372,11,5,38,9.0,6.5,1,purple
1373,186,83,1385,17.6,6.066666666666666,0,pink
1374,3,0,9,9.9,6.483333333333333,1,purple
1375,4,3,20,9.4,5.133333333333334,1,purple
1376,2,1,11,8.0,5.583333333333333,1,purple
1377,61,47,779,9.6,5.266666666666667,0,pink
1378,7,3,12,13.2,6.149999999999999,1,purple
1379,31,18,278,8.6,4.6000000000000005,1,purple
1380,184,100,493,12.7,4.983333333333333,1,purple
1381,19,13,260,8.8,6.45,1,purple
1382,26,6,217,11.5,5.316666666666667,1,purple
1383,52,36,671,9.0,5.083333333333333,0,pink
1384,12,7,33,6.1,4.766666666666667,1,purple
1385,15,6,206,10.3,4.916666666666667,1,purple
1386,2,2,15,12.3,5.983333333333333,1,purple
1387,4,3,21,11.8,6.633333333333334,1,purple
1388,3,2,21,8.3,5.166666666666666,1,purple
1389,4,3,18,7.0,4.566666666666666,1,purple
1390,46,28,524,18.0,5.466666666666666,1,purple
1391,15,11,113,8.1,4.666666666666667,1,purple
1392,20,11,409,11.3,5.666666666666667,1,purple
1393,34,24,46,11.8,4.733333333333333,1,purple
1394,10,1,47,11.3,6.633333333333334,1,purple
1395,8,6,38,6.0,4.25,1,purple
1396,8,7,118,9.3,4.916666666666667,1,purple
1397,2,0,4,9.6,6.133333333333334,1,purple
1398,2,1,15,15.2,5.033333333333333,1,purple
1399,9,3,23,9.5,5.899999999999999,1,purple
1400,71,53,371,9.4,4.9,1,purple
1401,14,8,50,13.3,5.316666666666667,1,purple
1402,1,1,8,8.8,5.3500000000000005,1,purple
1403,1,0,45,5.6,4.366666666666667,1,purple
1404,12,5,121,9.3,4.883333333333334,1,purple
1405,4,1,38,8.1,5.599999999999999,1,purple
1406,2,2,22,12.1,4.95,1,purple
1407,12,6,18,10.8,5.133333333333333,1,purple
1408,69,21,173,11.9,4.9,1,purple
1409,2,2,18,10.1,5.5,1,purple
1410,3,3,7,13.6,4.633333333333334,1,purple
1411,32,21,209,13.7,4.833333333333333,1,purple
1412,2,0,13,17.6,4.433333333333334,1,purple
1413,2,0,2,22.5,5.533333333333332,1,purple
1414,3,1,16,19.3,5.616666666666667,1,purple
1415,6,5,5,14.9,4.716666666666667,1,purple
1416,1,0,3,16.4,4.8,1,purple
1417,10,5,30,12.3,5.449999999999999,1,purple
1418,2,1,12,21.6,5.933333333333334,1,purple
1419,7,2,49,18.7,6.300000000000001,1,purple
1420,2,0,71,8.7,6.45,1,purple
1421,19,13,191,8.9,4.316666666666666,1,purple
1422,10,7,35,18.4,4.866666666666666,1,purple
1423,14,10,77,10.1,4.683333333333333,1,purple
1424,9,4,24,20.0,5.266666666666667,1,purple
1425,1,0,5,13.5,4.7,1,purple
1426,7,4,19,8.4,5.0,1,purple
1427,5,2,10,19.6,5.5,1,purple
1428,14,8,82,14.1,4.9,1,purple
1429,3,0,14,11.1,4.15,1,purple
1430,3,2,4,12.8,5.633333333333334,1,purple
1431,4,0,9,13.2,5.65,1,purple
1432,3,2,1,11.8,5.449999999999999,1,purple
1433,10,7,64,15.8,5.333333333333333,1,purple
1434,9,6,110,17.0,6.233333333333333,1,purple
1435,13,7,109,11.2,5.116666666666666,1,purple
1436,26,13,430,9.0,6.533333333333334,1,purple
1437,1,1,3,9.5,4.766666666666667,1,purple
1438,1,0,9,5.8,6.616666666666667,1,purple
1439,13,9,102,16.1,4.833333333333333,1,purple
1440,3,1,4,12.2,4.516666666666667,1,purple
1441,6,2,24,24.0,4.966666666666666,1,purple
1442,27,14,505,11.6,4.5,1,purple
1443,10,5,81,18.9,8.216666666666667,1,purple
1444,34,20,331,10.8,4.933333333333334,1,purple
1445,5,5,14,13.8,5.083333333333333,1,purple
1446,25,16,144,15.2,5.266666666666667,1,purple
1447,1,1,1,10.9,4.766666666666667,1,purple
1448,1,1,1,18.1,8.083333333333334,1,purple
1449,4,3,14,15.7,4.283333333333334,1,purple
1450,1,0,10,25.0,4.716666666666668,1,purple
1451,41,28,637,10.9,5.45,0,pink
1452,10,3,92,21.4,7.466666666666666,1,purple
1453,11,6,54,12.5,5.716666666666666,1,purple
1454,7,3,23,12.0,4.666666666666667,1,purple
1455,6,4,51,10.1,4.366666666666667,1,purple
1456,5,2,9,19.2,6.083333333333333,1,purple
1457,5,2,32,12.9,6.466666666666666,1,purple
1458,1,0,1,19.2,8.966666666666667,1,purple
1459,12,9,101,10.7,4.833333333333333,1,purple
1460,3,2,6,10.6,5.3500000000000005,1,purple
1461,14,7,45,13.1,4.616666666666667,1,purple
1462,2,1,2,18.9,4.9,1,purple
1463,5,3,53,16.5,5.833333333333333,1,purple
1464,10,4,188,20.3,5.1,1,purple
1465,5,4,30,12.1,4.6000000000000005,1,purple
1466,4,2,57,16.1,4.749999999999999,1,purple
1467,2,1,14,10.7,5.116666666666666,1,purple
1468,1,1,5,13.0,4.816666666666666,1,purple
1469,4,1,17,16.6,6.133333333333334,1,purple
1470,57,45,1295,9.7,4.933333333333334,0,pink
1471,2,2,2,14.8,5.8166666666666655,1,purple
1472,4,2,7,20.5,5.0,1,purple
1473,16,9,47,9.3,5.016666666666667,1,purple
1474,11,6,93,14.4,6.3500000000000005,1,purple
1475,10,9,449,6.8,4.8,1,purple
1476,6,3,20,19.6,6.4,1,purple
1477,9,6,115,8.5,5.533333333333334,1,purple
1478,15,9,45,7.3,4.1000000000000005,1,purple
1479,1,0,17,12.0,4.866666666666667,1,purple
1480,5,3,57,13.0,5.949999999999999,1,purple
1481,2,2,19,12.2,5.116666666666666,1,purple
1482,3,2,6,13.1,5.916666666666667,1,purple
1483,11,5,10,13.5,5.433333333333333,1,purple
1484,18,9,353,10.7,5.3,1,purple
1485,4,1,6,9.2,4.583333333333333,1,purple
1486,10,6,74,18.5,4.966666666666666,1,purple
1487,13,7,10,19.1,6.766666666666666,1,purple
1488,17,11,187,22.7,7.150000000000001,1,purple
1489,15,8,79,17.3,5.8,1,purple
1490,20,9,226,14.4,5.366666666666666,1,purple
1491,8,4,26,16.2,6.616666666666667,1,purple
1492,6,3,30,20.7,4.95,1,purple
1493,6,2,44,19.8,8.866666666666665,1,purple
1494,10,7,33,14.7,4.6000000000000005,1,purple
1495,6,3,12,16.2,4.666666666666667,1,purple
1496,12,7,27,20.5,4.733333333333333,1,purple
1497,1,1,8,11.0,4.683333333333334,1,purple
1498,1,0,6,26.0,7.783333333333332,1,purple
1499,8,4,47,10.4,4.366666666666666,1,purple
1500,10,4,40,19.6,7.25,1,purple
1501,29,23,459,7.0,4.3500000000000005,1,purple
1502,5,4,7,18.4,7.3,1,purple
1503,3,0,15,16.3,7.083333333333333,1,purple
1504,3,1,19,9.2,4.433333333333333,1,purple
1505,11,8,271,15.5,5.283333333333334,1,purple
1506,6,3,10,19.9,4.866666666666666,1,purple
1507,15,9,26,19.7,7.6,1,purple
1508,8,2,6,17.7,4.516666666666667,1,purple
1509,2,1,5,15.5,4.916666666666667,1,purple
1510,1,1,8,7.7,3.1,1,purple
1511,1,0,2,13.7,4.466666666666667,1,purple
1512,1,0,2,8.3,4.033333333333334,1,purple
1513,1,0,1,10.9,2.1,1,purple
1514,6,3,93,5.7,2.8000000000000003,1,purple
1515,14,3,107,5.2,2.5166666666666666,1,purple
1516,2,0,1,7.1,2.333333333333333,1,purple
1517,20,14,36,4.9,2.6166666666666667,1,purple
1518,2,0,1,13.8,2.216666666666667,1,purple
1519,1,0,16,9.3,3.266666666666667,1,purple
1520,1,0,5,7.6,2.5166666666666666,1,purple
1521,3,1,7,8.1,3.1833333333333336,1,purple
1522,1,0,2,9.0,2.4,1,purple
1523,8,0,7,9.3,2.75,1,purple
1524,4,0,6,12.5,10.35,1,purple
1525,2,0,2,8.1,2.2833333333333337,1,purple
1526,9,2,49,9.5,3.4500000000000006,1,purple
1527,4,2,8,9.1,2.6,1,purple
1528,3,0,1,14.6,3.6833333333333336,1,purple
1529,4,3,94,6.3,3.616666666666667,1,purple
1530,1,1,1,13.0,3.5666666666666664,1,purple
1531,4,1,55,9.5,3.766666666666667,1,purple
1532,12,7,2,19.8,7.633333333333333,1,purple
1533,22,18,31,9.7,5.333333333333333,1,purple
1534,6,3,7,11.5,5.066666666666666,1,purple
1535,9,7,70,14.0,6.05,1,purple
1536,13,7,12,10.0,6.166666666666667,1,purple
1537,4,2,4,7.3,4.066666666666666,1,purple
1538,15,7,20,9.8,6.916666666666667,1,purple
1539,11,9,11,12.1,6.066666666666667,1,purple
1540,19,14,220,9.4,4.766666666666667,1,purple
1541,3,0,2,10.5,6.3,1,purple
1542,6,4,10,8.8,4.6000000000000005,1,purple
1543,14,10,182,11.3,5.366666666666666,1,purple
1544,21,13,21,9.8,4.716666666666668,1,purple
1545,12,7,2,11.7,5.983333333333333,1,purple
1546,7,6,16,11.5,6.316666666666666,1,purple
1547,7,4,8,14.5,6.883333333333333,1,purple
1548,9,3,2,9.8,6.166666666666667,1,purple
1549,160,119,2027,10.2,6.016666666666667,0,pink
1550,5,2,39,9.2,4.4833333333333325,1,purple
1551,5,3,8,8.8,5.3,1,purple
1552,12,9,15,3.6,3.766666666666667,1,purple
1553,9,5,71,8.2,6.383333333333333,1,purple
1554,13,11,70,7.4,4.583333333333333,1,purple
1555,9,4,3,14.3,4.849999999999999,1,purple
1556,134,96,1335,8.8,4.516666666666667,0,pink
1557,2,2,9,8.7,5.166666666666667,1,purple
1558,2,0,10,16.0,6.583333333333333,1,purple
1559,12,6,69,6.2,4.550000000000001,1,purple
1560,6,2,24,14.5,6.516666666666666,1,purple
1561,138,73,1367,8.6,4.8500000000000005,0,pink
1562,10,5,15,7.5,4.066666666666667,1,purple
1563,4,3,1,10.5,5.25,1,purple
1564,1,0,2,13.2,6.633333333333333,1,purple
1565,2,1,1,6.5,5.666666666666667,1,purple
1566,6,2,4,14.9,6.3500000000000005,1,purple
1567,4,1,7,10.9,5.650000000000001,1,purple
1568,2,1,1,43.1,3.4666666666666663,1,purple
1569,4,3,6,11.5,6.816666666666667,1,purple
1570,4,2,6,16.5,7.333333333333333,1,purple
1571,8,5,24,9.0,7.583333333333333,1,purple
1572,6,5,7,8.7,4.733333333333333,1,purple
1573,9,6,45,7.7,5.183333333333334,1,purple
1574,4,2,13,12.5,6.283333333333334,1,purple
1575,18,12,50,8.5,4.566666666666667,1,purple
1576,9,7,5,7.4,4.716666666666667,1,purple
1577,24,16,249,10.3,6.166666666666667,1,purple
1578,74,52,813,10.7,6.133333333333333,0,pink
1579,6,3,5,13.0,4.2,1,purple
1580,23,12,316,9.1,6.9,1,purple
1581,12,9,29,12.1,5.233333333333334,1,purple
1582,12,8,24,4.9,4.7,1,purple
1583,3,3,10,16.4,8.116666666666667,1,purple
1584,2,1,12,7.9,3.4,1,purple
1585,11,6,43,8.8,4.6,1,purple
1586,81,43,1191,9.9,5.383333333333333,0,pink
1587,1,0,3,14.7,7.383333333333333,1,purple
1588,7,7,3,12.3,5.166666666666667,1,purple
1589,10,7,31,12.2,6.016666666666666,1,purple
1590,8,7,4,8.3,6.833333333333333,1,purple
1591,4,2,6,12.7,6.383333333333334,1,purple
1592,4,3,11,12.8,4.916666666666667,1,purple
1593,6,2,6,19.8,7.35,1,purple
1594,16,10,41,7.6,5.2,1,purple
1595,9,8,18,9.6,4.783333333333333,1,purple
1596,1,0,2,7.2,3.85,1,purple
1597,15,11,38,13.1,5.8500000000000005,1,purple
1598,6,5,35,12.4,5.466666666666666,1,purple
1599,9,4,30,9.6,5.216666666666666,1,purple
1600,11,5,21,15.1,7.366666666666667,1,purple
1601,9,8,15,8.3,5.199999999999999,1,purple
1602,1,0,14,9.8,4.616666666666666,1,purple
1603,32,21,276,8.4,5.6000000000000005,1,purple
1604,60,40,438,8.3,5.4,1,purple
1605,23,15,162,10.6,7.216666666666666,1,purple
1606,11,8,13,14.0,5.449999999999999,1,purple
1607,9,4,5,6.6,3.983333333333333,1,purple
1608,1,1,3,8.7,4.333333333333333,1,purple
1609,2,1,3,19.3,6.916666666666667,1,purple
1610,16,13,49,6.2,4.366666666666667,1,purple
1611,11,6,5,9.4,6.483333333333333,1,purple
1612,11,5,16,13.5,4.116666666666667,1,purple
1613,1,0,4,9.5,4.683333333333334,1,purple
1614,18,17,25,5.7,4.616666666666666,1,purple
1615,1,1,3,8.1,4.066666666666667,1,purple
1616,1,1,7,19.2,4.983333333333333,1,purple
1617,1,1,9,16.8,5.466666666666666,1,purple
1618,5,3,7,14.5,4.766666666666667,1,purple
1619,1,0,2,17.3,3.266666666666667,1,purple
1620,2,1,13,13.6,3.883333333333333,1,purple
1621,3,3,16,14.5,4.5,1,purple
1622,3,3,29,8.6,3.65,1,purple
1623,7,3,45,12.0,4.55,1,purple
1624,7,5,22,13.5,4.766666666666667,1,purple
1625,3,3,8,17.8,6.283333333333334,1,purple
1626,10,10,100,8.2,3.583333333333333,1,purple
1627,1,1,3,17.3,5.583333333333333,1,purple
1628,10,8,126,10.0,4.433333333333333,1,purple
1629,3,3,2,13.2,4.25,1,purple
1630,4,2,29,12.6,4.8,1,purple
1631,2,1,10,12.3,3.583333333333333,1,purple
1632,1,1,16,15.1,4.4,1,purple
1633,6,3,60,12.1,3.8166666666666655,1,purple
1634,3,1,8,13.7,4.333333333333333,1,purple
1635,3,2,39,9.9,4.15,1,purple
1636,1,0,2,20.3,3.283333333333333,1,purple
1637,3,3,2,15.3,6.599999999999999,1,purple
1638,3,1,38,14.9,3.583333333333333,1,purple
1639,2,0,5,14.0,5.083333333333334,1,purple
1640,4,3,6,13.2,5.316666666666666,1,purple
1641,1,0,3,11.7,2.85,1,purple
1642,4,3,3,15.3,4.533333333333334,1,purple
1643,4,2,14,16.5,5.783333333333332,1,purple
1644,1,1,9,12.8,4.366666666666666,1,purple
1645,3,1,24,9.9,3.633333333333333,1,purple
1646,2,1,6,17.6,2.95,1,purple
1647,4,2,12,17.1,6.316666666666667,1,purple
1648,2,0,1,11.4,3.15,1,purple
1649,1,0,8,20.9,4.65,1,purple
1650,6,6,14,13.5,4.116666666666666,1,purple
1651,9,8,65,14.7,4.766666666666667,1,purple
1652,2,1,5,11.1,4.833333333333333,1,purple
1653,30,15,883,12.6,4.05,0,pink
1654,4,0,25,13.7,5.983333333333333,1,purple
1655,3,2,37,11.7,4.95,1,purple
1656,2,2,14,14.7,4.366666666666666,1,purple
1657,1,1,2,11.2,5.233333333333333,1,purple
1658,4,3,28,7.8,3.533333333333333,1,purple
1659,5,5,34,13.0,5.283333333333332,1,purple
1660,5,3,20,10.8,3.75,1,purple
1661,4,4,26,12.0,4.316666666666666,1,purple
1662,3,2,3,16.8,6.15,1,purple
1663,6,5,51,8.0,4.2,1,purple
1664,1,1,7,15.7,5.866666666666667,1,purple
1665,4,1,18,18.7,5.3500000000000005,1,purple
1666,2,0,12,12.7,6.066666666666666,1,purple
1667,35,19,1261,10.6,4.216666666666666,0,pink
1668,3,3,34,9.4,4.116666666666666,1,purple
1669,11,7,32,9.6,4.333333333333333,1,purple
1670,2,1,5,12.3,4.5,1,purple
1671,1,0,10,9.0,5.8500000000000005,1,purple
1672,6,1,29,4.1,3.8166666666666655,1,purple
1673,19,10,118,6.6,4.516666666666667,1,purple
1674,4,0,7,7.9,5.199999999999999,1,purple
1675,1,1,18,8.7,5.883333333333333,1,purple
1676,11,4,19,11.2,6.266666666666667,1,purple
1677,2,0,8,10.0,6.816666666666667,1,purple
1678,2,1,11,9.7,6.716666666666666,1,purple
1679,9,4,39,6.3,5.099999999999999,1,purple
1680,17,8,34,10.4,6.083333333333333,1,purple
1681,4,0,7,11.2,7.45,1,purple
1682,3,1,4,8.4,6.033333333333334,1,purple
1683,3,1,8,18.7,4.133333333333334,1,purple
1684,17,8,215,9.9,5.6000000000000005,1,purple
1685,3,0,9,13.0,6.266666666666667,1,purple
1686,9,5,67,9.6,6.233333333333333,1,purple
1687,5,1,38,11.9,6.816666666666667,1,purple
1688,30,11,147,8.1,5.216666666666666,1,purple
1689,4,0,11,8.5,6.1000000000000005,1,purple
1690,6,0,110,10.5,5.6000000000000005,1,purple
1691,7,1,17,18.9,4.966666666666667,1,purple
1692,27,4,162,14.8,5.033333333333332,1,purple
1693,91,37,929,8.5,4.666666666666667,0,pink
1694,3,0,12,9.1,4.933333333333334,1,purple
1695,1,0,3,10.4,5.1000000000000005,1,purple
1696,12,4,28,17.6,5.4,1,purple
1697,7,1,2,7.3,5.783333333333332,1,purple
1698,2,0,6,13.6,4.916666666666667,1,purple
1699,21,10,120,7.8,4.15,1,purple
1700,3,2,20,11.1,4.533333333333333,1,purple
1701,5,3,26,11.2,4.266666666666667,1,purple
1702,214,127,1359,5.4,5.383333333333333,0,pink
1703,4,1,15,9.7,6.783333333333334,1,purple
1704,26,17,48,6.9,6.25,1,purple
1705,3,0,12,12.1,5.983333333333333,1,purple
1706,14,6,96,13.3,5.466666666666668,1,purple
1707,21,12,41,8.6,5.5,1,purple
1708,4,1,20,9.9,5.7,1,purple
1709,19,9,82,6.1,4.966666666666666,1,purple
1710,11,4,32,5.1,5.05,1,purple
1711,14,7,74,8.0,6.633333333333333,1,purple
1712,1,0,1,9.3,7.583333333333333,1,purple
1713,7,2,14,10.6,6.366666666666667,1,purple
1714,8,3,30,5.7,4.083333333333333,1,purple
1715,22,12,48,6.4,4.05,1,purple
1716,7,2,2,9.9,6.016666666666666,1,purple
1717,10,6,13,12.8,6.616666666666667,1,purple
1718,4,1,4,10.7,6.65,1,purple
1719,3,0,21,9.7,5.75,1,purple
1720,12,7,15,11.0,5.883333333333333,1,purple
1721,10,4,119,7.7,4.266666666666667,1,purple
1722,23,10,436,10.2,5.166666666666667,1,purple
1723,16,8,299,6.9,5.300000000000001,1,purple
1724,4,3,7,7.7,6.116666666666667,1,purple
1725,48,31,189,8.7,6.2,1,purple
1726,13,7,86,11.6,7.75,1,purple
1727,1,0,3,17.0,7.766666666666667,1,purple
1728,9,2,65,11.7,5.0,1,purple
1729,1,1,4,12.2,6.316666666666666,1,purple
1730,5,3,16,12.5,6.616666666666667,1,purple
1731,1,0,16,10.5,7.016666666666667,1,purple
1732,6,2,35,10.0,6.483333333333333,1,purple
1733,5,2,5,10.7,6.183333333333334,1,purple
1734,1,1,2,16.7,5.15,1,purple
1735,18,9,78,9.0,6.0,1,purple
1736,23,10,385,15.0,4.45,1,purple
1737,16,10,58,9.2,6.666666666666667,1,purple
1738,9,1,95,12.8,4.833333333333333,1,purple
1739,22,10,241,11.0,5.8,1,purple
1740,26,7,380,10.2,6.8500000000000005,1,purple
1741,6,4,50,9.9,6.2,1,purple
1742,3,0,12,8.2,6.533333333333332,1,purple
1743,27,14,28,10.1,6.099999999999999,1,purple
1744,2,1,5,15.0,5.833333333333333,1,purple
1745,3,2,99,10.4,6.883333333333333,1,purple
1746,32,17,120,5.6,4.5,1,purple
1747,1,0,1,9.4,4.316666666666666,1,purple
1748,16,7,166,9.1,5.616666666666667,1,purple
1749,8,4,32,12.0,6.45,1,purple
1750,1,0,19,12.6,4.666666666666667,1,purple
1751,167,113,2856,15.3,7.316666666666666,0,pink
1752,3,0,3,12.0,7.066666666666667,1,purple
1753,6,4,53,10.7,6.416666666666667,1,purple
1754,2,0,6,13.4,5.2,1,purple
1755,8,2,16,11.8,6.733333333333333,1,purple
1756,1,0,2,10.4,6.400000000000001,1,purple
1757,6,2,8,10.2,5.316666666666667,1,purple
1758,1,0,5,9.6,6.583333333333333,1,purple
1759,4,1,3,13.2,4.750000000000001,1,purple
1760,7,4,5,9.8,6.4,1,purple
1761,4,4,9,7.1,5.533333333333334,1,purple
1762,20,10,96,6.9,5.916666666666667,1,purple
1763,3,0,7,10.4,5.95,1,purple
1764,30,15,144,5.6,5.816666666666667,1,purple
1765,1,0,5,7.8,5.966666666666668,1,purple
1766,16,7,335,10.1,4.949999999999999,1,purple
1767,3,3,6,9.1,4.666666666666667,1,purple
1768,25,21,47,7.8,5.016666666666667,1,purple
1769,20,16,16,6.0,4.833333333333333,1,purple
1770,173,126,778,14.2,5.866666666666667,0,pink
1771,22,22,28,5.1,4.833333333333333,1,purple
1772,4,4,16,18.3,5.066666666666666,1,purple
1773,17,13,447,12.0,4.3,1,purple
1774,4,0,26,20.2,7.75,1,purple
1775,15,6,244,14.7,4.233333333333334,1,purple
1776,3,1,21,19.7,7.866666666666667,1,purple
1777,5,2,14,20.2,6.366666666666666,1,purple
1778,6,2,469,7.2,4.216666666666668,1,purple
1779,4,2,164,10.6,4.133333333333333,1,purple
1780,6,3,21,13.8,5.316666666666666,1,purple
1781,20,12,742,8.3,3.9,0,pink
1782,5,5,51,19.7,5.4,1,purple
1783,4,2,45,17.9,6.5,1,purple
1784,9,6,29,23.3,4.533333333333334,1,purple
1785,9,6,8,21.5,5.8500000000000005,1,purple
1786,4,0,81,13.4,5.033333333333334,1,purple
1787,8,3,131,17.6,5.4,1,purple
1788,4,2,57,24.7,5.916666666666667,1,purple
1789,9,5,169,10.3,4.15,1,purple
1790,3,1,11,17.1,4.583333333333333,1,purple
1791,2,1,11,13.8,6.783333333333332,1,purple
1792,14,8,191,15.0,4.683333333333334,1,purple
1793,4,2,58,12.8,6.016666666666667,1,purple
1794,30,21,395,12.0,3.933333333333333,1,purple
1795,6,2,48,14.8,4.8,1,purple
1796,5,0,27,19.0,4.9,1,purple
1797,9,4,664,10.4,5.65,0,pink
1798,1,0,81,18.2,3.9333333333333336,1,purple
1799,5,2,43,12.2,4.5,1,purple
1800,4,2,95,14.1,4.966666666666666,1,purple
1801,12,8,48,19.1,4.866666666666666,1,purple
1802,4,1,9,18.5,6.183333333333334,1,purple
1803,16,8,176,10.4,3.633333333333334,1,purple
1804,2,0,4,16.6,5.016666666666667,1,purple
1805,3,3,53,21.1,7.183333333333334,1,purple
1806,2,1,51,22.8,7.333333333333333,1,purple
1807,4,3,23,18.0,4.000000000000001,1,purple
1808,10,5,40,15.1,4.4,1,purple
1809,27,22,290,14.1,7.633333333333334,1,purple
1810,8,7,55,14.7,4.333333333333333,1,purple
1811,32,18,651,8.5,4.4,0,pink
1812,1,1,5,21.8,3.9166666666666674,1,purple
1813,28,22,359,14.3,4.416666666666667,1,purple
1814,15,12,93,14.5,5.283333333333333,1,purple
1815,3,1,51,18.8,5.949999999999999,1,purple
1816,5,3,29,19.9,6.816666666666666,1,purple
1817,15,10,449,9.2,4.3,1,purple
1818,8,1,3,15.7,2.85,1,purple
1819,4,0,2,12.6,2.9,1,purple
1820,5,1,8,5.0,3.116666666666667,1,purple
1821,7,0,29,7.0,3.0,1,purple
1822,3,0,1,11.1,2.983333333333333,1,purple
1823,6,2,2,9.0,3.616666666666667,1,purple
1824,1,0,8,11.5,3.783333333333333,1,purple
1825,7,2,6,8.5,3.3166666666666664,1,purple
1826,1,0,3,6.4,4.366666666666666,1,purple
1827,10,2,12,7.9,2.833333333333333,1,purple
1828,1,0,2,10.5,4.483333333333333,1,purple
1829,1,0,1,6.9,2.6,1,purple
1830,4,0,1,5.6,4.3500000000000005,1,purple
1831,5,0,3,10.6,3.25,1,purple
1832,4,1,5,7.8,2.6,1,purple
1833,3,0,1,12.3,2.85,1,purple
1834,3,0,2,9.1,3.466666666666667,1,purple
1835,5,2,5,6.5,3.583333333333333,1,purple
1836,1,0,19,5.2,2.4666666666666663,1,purple
1837,1,0,3,10.3,4.683333333333333,1,purple
1838,2,0,10,5.6,3.483333333333333,1,purple
1839,1,0,1,18.4,5.016666666666667,1,purple
1840,39,13,250,7.5,2.9333333333333336,1,purple
1841,20,3,86,6.5,3.45,1,purple
1842,3,1,1,7.6,3.0,1,purple
1843,1,0,3,10.4,4.566666666666666,1,purple
1844,3,0,3,8.9,3.3000000000000003,1,purple
1845,2,0,2,9.1,2.6,1,purple
1846,4,2,3,7.4,3.5,1,purple
1847,2,0,1,10.0,5.166666666666667,1,purple
1848,12,1,9,9.1,2.9333333333333336,1,purple
1849,13,9,48,13.0,4.766666666666667,1,purple
1850,4,3,9,17.9,5.1000000000000005,1,purple
1851,3,2,6,17.6,6.266666666666666,1,purple
1852,3,2,2,24.4,6.783333333333334,1,purple
1853,6,4,54,10.9,4.3,1,purple
1854,13,9,49,14.7,4.483333333333333,1,purple
1855,5,3,17,22.7,6.166666666666667,1,purple
1856,1,1,4,15.5,4.416666666666667,1,purple
1857,1,1,9,15.9,6.183333333333334,1,purple
1858,6,2,30,16.5,5.283333333333334,1,purple
1859,3,1,9,14.8,4.6,1,purple
1860,3,0,6,19.9,5.583333333333333,1,purple
1861,3,1,12,19.9,6.433333333333333,1,purple
1862,3,1,15,14.6,4.75,1,purple
1863,1,1,12,18.8,4.8500000000000005,1,purple
1864,8,6,8,14.2,5.683333333333334,1,purple
1865,67,33,1489,10.9,3.9666666666666655,0,pink
1866,1,1,2,14.1,6.466666666666666,1,purple
1867,4,4,1,19.9,5.866666666666667,1,purple
1868,5,0,14,16.3,4.166666666666667,1,purple
1869,7,5,46,16.1,5.916666666666667,1,purple
1870,6,3,9,13.8,4.816666666666666,1,purple
1871,3,2,1,17.0,5.45,1,purple
1872,5,2,14,12.5,4.733333333333333,1,purple
1873,6,2,65,14.7,5.55,1,purple
1874,4,4,6,14.2,4.683333333333334,1,purple
1875,2,2,7,21.4,5.216666666666666,1,purple
1876,7,7,81,15.3,5.666666666666667,1,purple
1877,2,1,8,25.6,6.25,1,purple
1878,8,6,19,18.7,5.0,1,purple
1879,29,16,736,10.5,4.533333333333332,0,pink
1880,1,0,3,22.9,7.083333333333333,1,purple
1881,2,2,21,20.4,6.166666666666667,1,purple
1882,4,4,8,18.5,5.6000000000000005,1,purple
1883,5,4,33,15.6,5.3,1,purple
1884,1,1,45,18.0,6.5,1,purple
1885,2,2,14,17.3,6.166666666666667,1,purple
1886,6,5,23,14.1,5.449999999999999,1,purple
1887,2,2,13,21.4,4.283333333333334,1,purple
1888,5,2,6,15.1,5.25,1,purple
1889,3,1,6,14.7,5.1,1,purple
1890,2,2,3,20.2,4.633333333333333,1,purple
1891,60,24,405,8.3,3.9166666666666665,1,purple
1892,5,3,5,22.9,7.133333333333333,1,purple
1893,4,4,11,16.6,5.433333333333334,1,purple
1894,2,1,6,15.7,5.616666666666666,1,purple
1895,1,1,7,16.5,4.566666666666666,1,purple
1896,5,4,11,13.8,4.533333333333332,1,purple
1897,7,4,49,15.5,5.300000000000001,1,purple
1898,4,2,6,17.4,6.75,1,purple
1899,2,2,4,19.7,4.316666666666667,1,purple
1900,8,5,345,11.1,4.9,1,purple
1901,2,1,13,18.5,5.733333333333333,1,purple
1902,3,1,7,14.6,4.933333333333334,1,purple
1903,6,2,40,9.8,4.483333333333333,1,purple
1904,1,0,4,16.2,6.216666666666666,1,purple
1905,6,5,7,17.6,5.133333333333334,1,purple
1906,7,6,177,7.1,5.033333333333332,1,purple
1907,2,1,12,19.7,5.65,1,purple
1908,7,5,11,16.5,6.333333333333333,1,purple
1909,3,2,1,19.4,5.066666666666667,1,purple
1910,1,0,5,25.1,6.116666666666667,1,purple
1911,1,1,1,25.6,5.533333333333334,1,purple
1912,2,1,5,17.6,5.3,1,purple
1913,5,5,23,13.4,4.7,1,purple
1914,1,1,6,19.2,7.0,1,purple
1915,5,4,18,11.1,5.183333333333334,1,purple
1916,2,1,52,12.8,4.083333333333333,1,purple
1917,8,4,226,8.2,3.866666666666667,1,purple
1918,4,4,5,20.2,6.5,1,purple
1919,1,0,7,18.4,5.6000000000000005,1,purple
1920,8,4,24,15.0,5.233333333333333,1,purple
1921,66,48,2435,11.6,5.650000000000001,0,pink
1922,1,1,3,14.7,4.3,1,purple
1923,1,0,3,12.8,5.949999999999999,1,purple
1924,17,14,107,12.8,4.916666666666667,1,purple
1925,10,6,66,10.3,3.9166666666666665,1,purple
1926,4,3,24,12.2,5.3500000000000005,1,purple
1927,1,1,8,15.0,6.416666666666667,1,purple
1928,6,3,5,20.5,5.216666666666666,1,purple
1929,25,11,112,11.2,4.566666666666666,1,purple
1930,2,2,5,19.8,5.95,1,purple
1931,5,3,17,14.9,5.25,1,purple
1932,4,4,6,16.8,4.9,1,purple
1933,2,1,34,4.7,3.3000000000000003,1,purple
1934,5,5,67,8.4,3.8666666666666663,1,purple
1935,3,2,27,18.7,3.9333333333333336,1,purple
1936,7,5,79,18.1,5.433333333333334,1,purple
1937,1,1,5,15.5,6.066666666666667,1,purple
1938,4,0,18,22.9,5.033333333333334,1,purple
1939,1,1,3,16.0,4.666666666666667,1,purple
1940,1,0,1,23.1,4.316666666666666,1,purple
1941,4,1,21,18.1,3.95,1,purple
1942,1,0,7,24.6,6.583333333333333,1,purple
1943,5,1,378,9.0,4.75,1,purple
1944,83,50,1602,15.8,4.2,0,pink
1945,2,0,1,13.5,4.233333333333333,1,purple
1946,3,0,63,11.2,5.15,1,purple
1947,10,5,77,12.1,5.416666666666667,1,purple
1948,5,3,138,12.8,3.466666666666667,1,purple
1949,2,0,1,31.2,8.716666666666667,1,purple
1950,1,1,14,12.8,4.433333333333334,1,purple
1951,3,1,19,11.7,3.45,1,purple
1952,4,2,6,21.8,4.333333333333333,1,purple
1953,24,7,56,32.1,7.216666666666666,1,purple
1954,3,0,10,14.1,6.216666666666668,1,purple
1955,3,1,15,21.0,5.116666666666667,1,purple
1956,1,0,4,18.0,3.016666666666666,1,purple
1957,3,0,1,13.5,5.216666666666666,1,purple
1958,15,9,67,6.2,3.9,1,purple
1959,5,1,34,7.4,3.85,1,purple
1960,4,0,5,13.9,4.05,1,purple
1961,2,1,53,12.0,4.783333333333334,1,purple
1962,63,26,1227,20.7,4.533333333333333,0,pink
1963,1,1,5,30.1,5.233333333333333,1,purple
1964,1,0,3,26.2,3.083333333333333,1,purple
1965,8,7,89,7.5,3.85,1,purple
1966,1,0,3,19.2,4.266666666666667,1,purple
1967,2,1,3,33.6,4.8,1,purple
1968,3,2,3,31.4,8.083333333333334,1,purple
1969,2,0,3,15.6,4.666666666666667,1,purple
1970,8,5,96,24.0,5.266666666666667,1,purple
1971,3,2,21,13.8,3.9500000000000006,1,purple
1972,75,21,223,21.5,5.2,1,purple
1973,2,0,6,11.7,3.9166666666666665,1,purple
1974,1,0,5,23.1,4.366666666666666,1,purple
1975,1,1,8,14.5,3.633333333333333,1,purple
1976,1,0,6,13.9,3.3833333333333333,1,purple
1977,9,4,155,9.4,4.866666666666666,1,purple
1978,1,0,5,17.4,6.266666666666667,1,purple
1979,2,1,3,33.8,4.0,1,purple
1980,6,1,140,11.0,5.5,1,purple
1981,1,1,1,11.0,3.016666666666666,1,purple
1982,5,3,1,23.3,3.75,1,purple
1983,1,1,13,19.8,5.583333333333333,1,purple
1984,4,1,19,11.3,3.983333333333333,1,purple
1985,11,4,176,15.9,5.4,1,purple
1986,2,2,12,19.4,5.583333333333333,1,purple
1987,7,2,23,11.3,3.8166666666666655,1,purple
1988,5,2,7,23.4,5.533333333333332,1,purple
1989,112,73,2992,18.6,5.383333333333333,0,pink
1990,3,2,59,14.7,5.483333333333333,1,purple
1991,6,0,49,9.9,3.6833333333333336,1,purple
1992,3,0,30,16.5,4.583333333333333,1,purple
1993,27,11,100,34.3,7.966666666666666,1,purple
1994,2,0,11,15.1,3.9,1,purple
1995,1,1,12,18.8,4.266666666666667,1,purple
1996,3,3,17,20.0,4.816666666666666,1,purple
1997,1,1,2,17.6,4.1000000000000005,1,purple
1998,2,1,9,15.0,7.766666666666666,1,purple
1999,24,16,192,15.8,7.583333333333332,1,purple
2000,1,0,3,25.5,7.35,1,purple
2001,6,3,18,25.1,8.216666666666667,1,purple
2002,7,2,23,14.3,4.3,1,purple
2003,1,0,1,24.3,4.066666666666667,1,purple
2004,3,1,32,14.2,4.116666666666666,1,purple
2005,3,3,6,11.4,3.7833333333333337,1,purple
2006,4,3,3,21.6,6.050000000000001,1,purple
2007,3,1,87,15.7,4.55,1,purple
2008,1,0,4,25.1,5.683333333333334,1,purple
2009,1,0,7,9.0,4.150000000000001,1,purple
2010,2,0,1,14.4,3.8166666666666655,1,purple
2011,3,2,27,22.7,7.183333333333334,1,purple
2012,10,3,309,13.8,3.6,1,purple
2013,8,3,113,15.1,4.183333333333333,1,purple
2014,1,0,9,14.8,6.016666666666666,1,purple
2015,3,2,7,19.4,7.3,1,purple
2016,1,1,2,40.5,10.366666666666664,1,purple
2017,1,0,11,16.8,4.283333333333334,1,purple
2018,3,2,49,15.5,3.8666666666666663,1,purple
2019,12,6,132,12.3,4.716666666666666,1,purple
2020,5,2,30,17.1,4.65,1,purple
2021,2,0,9,21.6,4.266666666666667,1,purple
2022,2,0,3,17.7,4.083333333333333,1,purple
2023,29,11,586,17.2,5.633333333333333,1,purple
2024,4,4,24,12.1,6.95,1,purple
2025,1,0,4,15.8,4.716666666666667,1,purple
2026,1,0,11,17.1,5.766666666666667,1,purple
2027,1,1,24,11.4,3.9500000000000006,1,purple
2028,1,0,6,18.4,6.183333333333334,1,purple
2029,5,3,255,23.0,3.516666666666667,1,purple
2030,1,0,3,14.6,3.9,1,purple
2031,4,1,63,7.7,3.033333333333333,1,purple
2032,1,0,1,19.7,5.683333333333334,1,purple
2033,1,0,8,15.5,4.816666666666666,1,purple
2034,1,1,17,19.4,5.116666666666666,1,purple
2035,7,2,31,20.1,7.333333333333333,1,purple
2036,1,1,2,21.3,4.883333333333334,1,purple
2037,2,1,7,23.6,5.25,1,purple
2038,6,4,149,14.2,4.483333333333333,1,purple
2039,1,0,1,21.5,4.466666666666666,1,purple
2040,1,0,2,26.7,4.383333333333334,1,purple
2041,79,34,971,13.9,4.333333333333333,0,pink
2042,2,1,132,10.7,3.766666666666666,1,purple
2043,1,0,2,31.6,4.933333333333334,1,purple
2044,1,0,10,23.3,5.550000000000001,1,purple
2045,8,6,73,13.7,4.133333333333334,1,purple
2046,77,27,536,10.7,3.5666666666666664,1,purple
2047,1,0,13,14.2,5.433333333333334,1,purple
2048,3,0,3,24.2,4.933333333333334,1,purple
2049,3,2,25,31.8,5.416666666666667,1,purple
2050,4,2,10,16.2,5.033333333333334,1,purple
2051,4,4,35,14.0,5.0666666666666655,1,purple
2052,1,0,5,17.5,5.183333333333333,1,purple
2053,2,1,5,13.3,4.449999999999999,1,purple
2054,7,4,165,32.4,4.983333333333333,1,purple
2055,4,2,1,21.7,4.633333333333334,1,purple
2056,7,2,83,13.4,4.283333333333333,1,purple
2057,2,1,1,34.3,11.1,1,purple
2058,9,3,96,6.8,3.6666666666666665,1,purple
2059,2,0,10,12.4,3.8,1,purple
2060,2,1,8,14.7,4.433333333333333,1,purple
2061,2,0,3,17.0,4.0,1,purple
2062,1,1,1,38.1,8.166666666666666,1,purple
2063,1,1,3,11.1,3.783333333333333,1,purple
2064,5,3,3,6.9,3.333333333333333,1,purple
2065,3,3,35,6.9,2.7,1,purple
2066,4,1,5,8.4,4.883333333333333,1,purple
2067,14,8,34,4.4,3.1,1,purple
2068,1,1,9,11.2,6.216666666666668,1,purple
2069,1,1,4,6.7,5.766666666666666,1,purple
2070,40,24,635,9.2,3.283333333333333,0,pink
2071,1,1,4,9.8,3.6833333333333336,1,purple
2072,2,2,9,9.4,3.8166666666666655,1,purple
2073,2,1,13,8.7,3.6833333333333336,1,purple
2074,4,2,22,14.3,6.55,1,purple
2075,3,1,92,5.4,2.95,1,purple
2076,3,2,36,7.1,3.733333333333333,1,purple
2077,20,11,78,9.4,3.7,1,purple
2078,8,3,52,6.5,3.15,1,purple
2079,9,0,33,8.8,4.016666666666667,1,purple
2080,10,2,16,8.7,4.033333333333333,1,purple
2081,30,12,95,5.6,2.65,1,purple
2082,4,1,1,13.2,4.733333333333333,1,purple
2083,13,3,30,9.3,3.283333333333333,1,purple
2084,3,0,4,7.1,3.8166666666666655,1,purple
2085,5,1,8,7.2,4.5,1,purple
2086,8,1,16,8.2,3.2,1,purple
2087,6,1,17,11.7,5.3500000000000005,1,purple
2088,19,5,53,7.4,4.0,1,purple
2089,13,1,66,6.3,3.1833333333333336,1,purple
2090,9,2,40,7.6,3.566666666666667,1,purple
2091,14,4,26,6.6,3.033333333333333,1,purple
2092,1,1,21,18.5,4.733333333333333,1,purple
2093,2,1,29,7.9,3.5,1,purple
2094,4,1,1,14.0,4.65,1,purple
2095,1,1,18,14.4,4.183333333333334,1,purple
2096,1,1,7,14.1,4.4,1,purple
2097,16,10,69,5.7,2.7000000000000006,1,purple
2098,1,1,24,12.6,3.4333333333333336,1,purple
2099,1,1,1,9.7,4.216666666666666,1,purple
2100,4,1,28,10.0,3.8333333333333335,1,purple
2101,2,1,1,21.5,5.883333333333334,1,purple
2102,2,1,14,14.9,4.483333333333333,1,purple
2103,3,1,14,19.2,4.999999999999999,1,purple
2104,12,10,192,7.7,3.8333333333333335,1,purple
2105,4,3,15,13.9,3.6666666666666665,1,purple
2106,37,15,122,7.5,3.35,1,purple
2107,2,1,12,7.5,3.35,1,purple
2108,6,4,21,11.9,4.0,1,purple
2109,2,2,9,10.8,3.333333333333333,1,purple
2110,1,1,7,11.1,4.616666666666666,1,purple
2111,2,2,12,10.4,3.583333333333333,1,purple
2112,1,0,5,18.7,4.366666666666667,1,purple
2113,4,2,15,18.5,5.266666666666667,1,purple
2114,2,1,19,6.9,3.3666666666666667,1,purple
2115,16,5,266,8.3,3.966666666666667,1,purple
2116,5,4,11,12.1,3.866666666666667,1,purple
2117,1,1,13,4.9,3.983333333333333,1,purple
2118,1,1,9,6.7,3.766666666666667,1,purple
2119,1,1,2,7.9,3.7000000000000006,1,purple
2120,1,1,4,23.3,5.55,1,purple
2121,2,0,73,6.1,3.25,1,purple
2122,3,3,15,14.8,3.65,1,purple
2123,4,3,1,18.1,5.15,1,purple
2124,2,2,4,12.9,3.583333333333333,1,purple
2125,8,4,18,6.8,3.75,1,purple
2126,5,3,6,17.5,5.783333333333332,1,purple
2127,1,1,5,20.3,3.8166666666666655,1,purple
2128,2,2,9,11.3,3.9499999999999993,1,purple
2129,1,0,29,17.3,4.566666666666666,1,purple
2130,5,4,5,14.0,5.033333333333334,1,purple
2131,4,3,166,11.5,3.783333333333333,1,purple
2132,3,1,10,12.6,5.116666666666666,1,purple
2133,7,3,22,7.7,3.5,1,purple
2134,3,2,3,13.2,4.016666666666667,1,purple
2135,1,0,6,16.0,3.4,1,purple
2136,2,0,4,13.0,3.6166666666666663,1,purple
2137,2,2,10,16.7,5.15,1,purple
2138,3,3,28,8.8,4.016666666666667,1,purple
2139,6,6,53,6.8,3.85,1,purple
2140,1,0,4,19.7,6.116666666666666,1,purple
2141,2,1,10,18.3,6.066666666666666,1,purple
2142,1,1,29,14.3,4.25,1,purple
2143,5,4,2,15.5,4.516666666666667,1,purple
2144,4,2,16,24.1,6.616666666666667,1,purple
2145,2,1,12,13.8,5.133333333333333,1,purple
2146,9,0,44,7.0,3.183333333333333,1,purple
2147,4,2,10,15.3,4.966666666666667,1,purple
2148,2,1,1,18.9,4.266666666666667,1,purple
2149,9,6,57,8.9,3.5333333333333337,1,purple
2150,14,7,133,7.9,4.05,1,purple
2151,13,6,135,18.2,6.366666666666667,1,purple
2152,3,2,4,20.6,6.483333333333333,1,purple
2153,2,1,1,6.0,3.2,1,purple
2154,3,0,15,13.7,5.733333333333334,1,purple
2155,5,2,30,9.8,4.683333333333333,1,purple
2156,3,1,1,24.3,4.766666666666667,1,purple
2157,5,2,338,8.6,5.433333333333334,1,purple
2158,4,2,13,16.1,4.533333333333334,1,purple
2159,1,1,47,18.7,6.583333333333333,1,purple
2160,2,0,1,8.6,5.8,1,purple
2161,13,4,90,11.3,5.05,1,purple
2162,2,2,2,17.3,3.8166666666666655,1,purple
2163,5,2,14,17.2,6.866666666666666,1,purple
2164,27,13,511,9.0,5.1000000000000005,1,purple
2165,24,12,588,12.0,5.15,1,purple
2166,7,1,98,17.2,8.233333333333333,1,purple
2167,9,4,262,11.7,5.8,1,purple
2168,4,2,8,8.8,4.866666666666666,1,purple
2169,31,13,849,14.6,4.916666666666667,0,pink
2170,13,4,211,13.8,4.483333333333333,1,purple
2171,6,3,10,10.3,3.883333333333333,1,purple
2172,12,8,77,10.1,4.35,1,purple
2173,20,15,277,6.5,3.8666666666666663,1,purple
2174,3,2,25,13.9,4.216666666666667,1,purple
2175,1,0,8,15.9,3.8666666666666663,1,purple
2176,2,1,5,33.1,6.133333333333333,1,purple
2177,2,2,5,8.6,4.516666666666667,1,purple
2178,16,9,83,9.8,6.116666666666667,1,purple
2179,9,4,11,17.4,5.583333333333333,1,purple
2180,5,1,21,7.5,7.533333333333334,1,purple
2181,25,11,221,7.3,5.849999999999999,1,purple
2182,4,0,48,10.7,6.933333333333335,1,purple
2183,1,0,3,17.9,6.316666666666666,1,purple
2184,1,0,1,13.0,10.816666666666668,1,purple
2185,3,0,49,25.0,7.05,1,purple
2186,13,5,69,23.3,7.0,1,purple
2187,8,1,12,10.3,8.200000000000001,1,purple
2188,2,0,8,4.7,5.866666666666667,1,purple
2189,3,1,6,4.9,6.766666666666666,1,purple
2190,122,51,1173,6.9,4.133333333333334,0,pink
2191,13,4,42,5.2,5.416666666666667,1,purple
2192,3,0,7,8.6,6.15,1,purple
2193,2,0,4,12.0,6.516666666666667,1,purple
2194,10,4,33,12.5,7.349999999999999,1,purple
2195,2,0,1,7.3,5.45,1,purple
2196,4,2,22,11.4,7.3,1,purple
2197,4,1,11,16.1,6.983333333333333,1,purple
2198,1,1,1,11.7,8.0,1,purple
2199,1,0,2,8.9,8.516666666666666,1,purple
2200,33,18,422,8.5,6.2,1,purple
2201,5,1,25,9.8,6.45,1,purple
2202,1,1,2,8.4,6.683333333333333,1,purple
2203,38,26,239,7.7,4.583333333333333,1,purple
2204,55,31,432,6.2,6.116666666666667,1,purple
2205,5,2,12,9.4,7.883333333333333,1,purple
2206,9,2,66,6.3,5.683333333333333,1,purple
2207,11,7,13,11.7,5.383333333333333,1,purple
2208,7,4,54,7.2,5.9,1,purple
2209,7,4,19,4.5,4.733333333333334,1,purple
2210,20,7,183,26.3,7.466666666666666,1,purple
2211,4,1,6,14.7,6.666666666666667,1,purple
2212,7,4,31,11.0,4.383333333333334,1,purple
2213,2,0,5,19.6,8.299999999999999,1,purple
2214,5,4,5,9.4,6.75,1,purple
2215,20,17,211,12.0,5.266666666666667,1,purple
2216,3,1,4,19.5,12.583333333333334,1,purple
2217,1,0,12,22.7,9.916666666666666,1,purple
2218,6,4,52,17.2,7.45,1,purple
2219,2,1,1,17.9,6.099999999999999,1,purple
2220,11,3,22,14.0,5.733333333333334,1,purple
2221,3,1,2,15.7,4.55,1,purple
2222,3,3,9,9.6,6.95,1,purple
2223,1,1,2,19.7,5.966666666666666,1,purple
2224,6,1,58,11.2,5.616666666666667,1,purple
2225,3,1,6,11.7,6.133333333333333,1,purple
2226,3,1,9,10.2,3.8000000000000007,1,purple
2227,19,14,409,11.3,5.8500000000000005,1,purple
2228,2,2,6,11.6,7.633333333333333,1,purple
2229,6,3,9,19.1,8.016666666666666,1,purple
2230,3,2,27,20.2,8.950000000000001,1,purple
2231,2,2,18,31.4,10.8,1,purple
2232,8,2,43,10.6,6.333333333333333,1,purple
2233,2,2,6,7.7,7.399999999999999,1,purple
2234,6,4,13,14.0,7.266666666666667,1,purple
2235,4,2,85,16.5,6.833333333333333,1,purple
2236,3,0,5,7.8,6.199999999999999,1,purple
2237,3,2,11,24.5,10.466666666666669,1,purple
2238,4,2,67,7.6,4.433333333333333,1,purple
2239,2,0,3,15.5,5.116666666666667,1,purple
2240,1,0,1,14.1,4.666666666666667,1,purple
2241,3,2,9,13.1,7.966666666666666,1,purple
2242,11,7,38,6.5,5.55,1,purple
2243,2,0,1,10.9,7.966666666666668,1,purple
2244,6,1,16,13.2,5.65,1,purple
2245,1,1,24,8.3,5.3,1,purple
2246,13,6,109,13.5,6.4,1,purple
2247,3,2,28,14.5,6.466666666666666,1,purple
2248,2,1,1,15.4,6.366666666666667,1,purple
2249,2,1,8,15.0,6.383333333333333,1,purple
2250,3,0,11,10.7,5.566666666666666,1,purple
2251,3,0,1,12.2,5.95,1,purple
2252,1,1,2,10.8,8.483333333333334,1,purple
2253,2,2,3,14.6,7.133333333333334,1,purple
2254,6,5,21,20.3,6.5,1,purple
2255,4,2,5,20.7,7.35,1,purple
2256,4,0,4,13.8,8.466666666666667,1,purple
2257,2,1,1,17.1,8.699999999999998,1,purple
2258,10,5,32,10.1,6.100000000000001,1,purple
2259,2,1,12,19.8,8.516666666666667,1,purple
2260,1,1,4,12.5,6.216666666666666,1,purple
2261,5,1,4,7.8,5.566666666666666,1,purple
2262,11,3,19,9.8,4.366666666666666,1,purple
2263,1,1,2,4.9,6.616666666666667,1,purple
2264,11,6,78,7.9,3.716666666666667,1,purple
2265,3,2,4,6.8,6.05,1,purple
2266,4,0,4,5.8,3.25,1,purple
2267,8,1,16,7.2,4.233333333333333,1,purple
2268,6,0,4,17.7,3.6166666666666663,1,purple
2269,12,5,17,7.3,3.7166666666666655,1,purple
2270,3,0,6,8.7,4.95,1,purple
2271,43,12,686,4.2,2.966666666666667,0,pink
2272,9,2,26,9.2,3.6166666666666663,1,purple
2273,3,1,4,5.6,4.866666666666667,1,purple
2274,11,4,17,6.3,5.266666666666667,1,purple
2275,3,0,16,6.3,3.9666666666666655,1,purple
2276,14,3,43,5.9,3.5,1,purple
2277,2,1,1,6.9,5.566666666666666,1,purple
2278,10,3,29,8.2,3.6166666666666663,1,purple
2279,2,0,4,11.2,6.783333333333332,1,purple
2280,10,2,9,7.7,3.75,1,purple
2281,3,1,12,7.6,3.3000000000000003,1,purple
2282,6,1,7,10.2,4.633333333333334,1,purple
2283,3,0,2,4.8,3.65,1,purple
2284,2,0,1,5.5,7.5,1,purple
2285,3,1,8,10.1,4.75,1,purple
2286,12,6,11,8.2,3.75,1,purple
2287,3,0,6,11.6,4.3500000000000005,1,purple
2288,14,4,64,9.9,4.666666666666667,1,purple
2289,1,0,2,6.9,3.5666666666666664,1,purple
2290,10,3,55,5.0,3.5,1,purple
2291,5,0,2,9.2,3.0666666666666664,1,purple
2292,3,0,2,9.7,4.966666666666666,1,purple
2293,6,1,8,8.0,4.216666666666666,1,purple
2294,14,4,17,8.0,4.2,1,purple
2295,9,4,63,8.2,3.466666666666667,1,purple
2296,5,2,13,8.9,5.283333333333333,1,purple
2297,1,0,3,10.9,4.8,1,purple
2298,1,0,5,8.1,8.649999999999999,1,purple
2299,135,80,2550,11.7,5.05,0,pink
2300,3,1,11,9.1,3.7,1,purple
2301,4,1,4,9.6,4.316666666666667,1,purple
2302,9,6,7,6.9,4.866666666666667,1,purple
2303,6,2,37,5.9,3.6,1,purple
2304,7,3,7,3.2,3.383333333333334,1,purple
2305,6,1,9,4.9,4.083333333333333,1,purple
2306,11,5,4,6.2,4.616666666666666,1,purple
2307,6,1,17,6.1,3.8166666666666655,1,purple
2308,4,3,1,8.2,4.5,1,purple
2309,24,8,226,9.5,4.866666666666667,1,purple
2310,2,1,5,9.9,3.6,1,purple
2311,13,5,143,9.2,4.533333333333332,1,purple
2312,7,2,3,12.0,5.016666666666667,1,purple
2313,8,5,16,3.8,3.983333333333333,1,purple
2314,4,2,24,9.1,3.9,1,purple
2315,3,0,13,7.7,5.866666666666666,1,purple
2316,3,2,25,8.6,4.1000000000000005,1,purple
2317,11,3,28,6.8,3.45,1,purple
2318,6,2,4,11.6,3.9,1,purple
2319,1,0,6,9.3,3.966666666666667,1,purple
2320,7,1,5,10.6,3.6666666666666665,1,purple
2321,3,1,2,6.3,5.333333333333333,1,purple
2322,9,3,15,9.2,4.0,1,purple
2323,3,1,4,7.8,4.800000000000001,1,purple
2324,8,1,28,5.1,3.4666666666666663,1,purple
2325,21,9,59,3.8,3.533333333333333,1,purple
2326,5,1,10,8.2,3.883333333333333,1,purple
2327,3,0,5,13.2,4.783333333333333,1,purple
2328,25,7,62,7.1,3.633333333333333,1,purple
2329,14,5,62,7.3,4.6,1,purple
2330,4,3,5,4.1,3.283333333333333,1,purple
2331,3,2,13,7.1,5.150000000000001,1,purple
2332,2,2,4,9.0,4.033333333333333,1,purple
2333,6,2,8,9.2,4.516666666666667,1,purple
2334,4,1,15,7.9,5.716666666666666,1,purple
2335,4,1,2,7.9,3.516666666666667,1,purple
2336,10,8,68,7.0,4.066666666666666,1,purple
2337,10,6,322,7.5,5.633333333333333,1,purple
2338,1,1,1,12.9,3.083333333333333,1,purple
2339,2,1,15,4.5,4.566666666666666,1,purple
2340,6,3,7,4.7,4.233333333333333,1,purple
2341,3,3,3,7.2,5.166666666666667,1,purple
2342,2,2,3,7.3,5.0,1,purple
2343,2,0,3,10.2,4.433333333333333,1,purple
